,Year,Charity,Voting link,Title,url
0,2026,Breast cancer research foundation,https://projectforawesome.com/videos/p4-a-video,P4A video,https://www.youtube.com/watch?v=AEvnoCII_0M
1,2026,Casa Youth Shelter,https://projectforawesome.com/videos/vote-for-casa-youth-shelter-for-project-for-awesome-2026,Vote for Casa Youth Shelter for Project for Awesome 2026!,https://www.youtube.com/watch?v=uv6ugJS1IAo
2,2026,Make-A-Day,https://projectforawesome.com/videos/make-a-day-project-for-awesome-2026,Make-A-Day | Project for Awesome 2026,https://www.youtube.com/watch?v=f-P7CcoqSmI
3,2026,NC Robotics Initiative,https://projectforawesome.com/videos/nc-robotics-initiative-pfa-submission-2026,NC Robotics Initiative PFA Submission 2026,https://www.youtube.com/watch?v=f6YOlOgRH3s
4,2026,Heifer International,https://projectforawesome.com/videos/project4-awesome-nomination-of-naye-xjaw-maya-midwifery-international,Project4Awesome Nomination of Naye Xjaw Maya Midwifery International,https://www.youtube.com/watch?v=MpHNgBkigsE
5,2026,HIVSA,https://projectforawesome.com/videos/hivsa-p4-a-2026,HIVSA P4A 2026,https://www.youtube.com/watch?v=qkq1IW1xgpg
6,2026,Sinergia Animal,https://projectforawesome.com/videos/vote-sinergia-animal-for-project-for-awesome-2026,Vote Sinergia Animal for Project For Awesome 2026 :),https://www.youtube.com/watch?v=aI7ub-eh3W4
7,2026,"Safe Haven, Cambodia",https://projectforawesome.com/videos/project-for-awesome-2026-safe-haven-cambodia,Project For Awesome 2026 - Safe Haven Cambodia,https://www.youtube.com/watch?v=CGpJOqkVRiQ
8,2026,Sense,https://projectforawesome.com/videos/project-for-awesome-2026-sense,Project For Awesome 2026 | Sense,https://www.youtube.com/watch?v=QYoH-AMiHQA
9,2026,Fostering Science,https://projectforawesome.com/videos/fostering-science-project-for-awesome-2026,Fostering Science Project for Awesome 2026,https://www.youtube.com/watch?v=263cAZGIoHY
10,2026,Asociaci√≥n PASMO,https://projectforawesome.com/videos/project-for-awesome-2026-help-prevent-new-hiv-infections-in-el-salvador,Project for Awesome 2026 | Help Prevent New HIV Infections in El Salvador,https://www.youtube.com/watch?v=Wnk3-cbygcQ
11,2026,Woodwell Climate Research Center,https://projectforawesome.com/videos/woodwell-climate-research-center-p4-a-2026,Woodwell Climate Research Center P4A 2026,https://www.youtube.com/watch?v=oqnGDHVdLdk
12,2026,Girl Rising,https://projectforawesome.com/videos/project-for-awesome-2026-girl-rising,Project for Awesome 2026: GirlRising,https://www.youtube.com/watch?v=gwJNCwKQgzo
13,2026,Sinergia Animal,https://projectforawesome.com/videos/sinergia-animal-project-for-awesome-2026-help-us-end-factory-farming,Sinergia Animal - Project For Awesome 2026 | Help us end factory farming!,https://www.youtube.com/watch?v=4KWVWO1Qsyo
14,2026,Denver Philharmonic Orchestra,https://projectforawesome.com/videos/denver-philharmonic-orchestra-project-for-awesome-2026,Denver Philharmonic Orchestra | Project for Awesome 2026,https://www.youtube.com/watch?v=Zak5fS_yeQQ
15,2026,Golden Eagle Partnership,https://projectforawesome.com/videos/golden-eagle-partnership-project-for-awesome-2026,Golden Eagle Partnership - Project for Awesome 2026!,https://www.youtube.com/watch?v=wmzMU3FvATI
16,2026,Camp Fircom Society,https://projectforawesome.com/videos/camp-fircom-project-for-awesome-2026-nomination,Camp Fircom Project for Awesome 2026 Nomination,https://www.youtube.com/watch?v=BZMHJQscNik
17,2026,Trees for the Future,https://projectforawesome.com/videos/p4-a-2026-her-majesty-s-champion-trees-for-the-future,P4A 2026: Her Majesty's Champion (Trees for the Future),https://www.youtube.com/watch?v=AlHylmQwi8Q
18,2026,International Centre for Animal Rights and Ethics (ICARE),https://projectforawesome.com/videos/icare-for-project-for-awesome-p4-a-2026,ICARE for Project For Awesome (P4A) 2026,https://www.youtube.com/watch?v=BRES5PyB3Ac
19,2026,No Means No Worldwide,https://projectforawesome.com/videos/no-means-no-worldwide-project-for-awesome-2026,No Means No Worldwide Project for Awesome 2026,https://www.youtube.com/watch?v=4Tc-Qer_GLo
20,2026,Last Chance Ranch,https://projectforawesome.com/videos/last-chance-ranch-2026-project-for-awesome-video,Last Chance Ranch 2026 Project For Awesome Video,https://www.youtube.com/watch?v=p5e3w7OOois
21,2026,Ecology Project International,https://projectforawesome.com/videos/californios-verdes-for-epi-during-project-for-awesome-2026,Californios Verdes for EPI during Project for Awesome 2026!,https://www.youtube.com/watch?v=LlkQb7Mxn7c
22,2026,Toilet Equity,https://projectforawesome.com/videos/toilet-equity-project-for-awesome-2026,Toilet Equity Project for Awesome 2026,https://www.youtube.com/watch?v=8PLxRLixAWc
23,2026,Heartland Sings,https://projectforawesome.com/videos/project-for-awesome-2026-5,Project for Awesome 2026!,https://www.youtube.com/watch?v=aRldXN-degI
24,2026,Makoce Agriculture Development,https://projectforawesome.com/videos/project-for-awesome-2026-vote-for-makoce-agriculture-development,Project For Awesome 2026: Vote for Makoce Agriculture Development!,https://www.youtube.com/watch?v=Y91xCMTy2IA
25,2026,Liberty in North Korea,https://projectforawesome.com/videos/liberty-in-north-korea-emory-university-project-for-awesome-2026,"Liberty in North Korea, Emory University ‚Äì Project For Awesome 2026",https://www.youtube.com/watch?v=6UgokAy7fhk
26,2026,Aces Dance Collective,https://projectforawesome.com/videos/project-for-awesome-2026-aces-dance-collective,Project for Awesome 2026 | Aces Dance Collective,https://www.youtube.com/watch?v=wwwd709dhLI
27,2026,Alzheimer's Society,https://projectforawesome.com/videos/kelly-s-story-project-for-awesome-2026,Kelly's story - Project for Awesome 2026,https://www.youtube.com/watch?v=aIATxZx_evo
28,2026,Archaeology in the Community,https://projectforawesome.com/videos/aitc-project-for-awesome-2026-matt-palus,AITC Project for Awesome 2026: Matt Palus,https://www.youtube.com/watch?v=yE7UOvnmwTA
29,2026,Girl Rising,https://projectforawesome.com/videos/our-project-for-awesome-2026-video-p4-a2026,Our PROJECT FOR AWESOME 2026 video #P4A2026   ,https://www.youtube.com/watch?v=48K4c7Eqcys
30,2026,Thirst Project,https://projectforawesome.com/videos/project-for-awesome-2026-thirst-project-2,Project For Awesome 2026: Thirst Project,https://www.youtube.com/watch?v=agwkS5dcB7c
31,2026,Camp Lilac,https://projectforawesome.com/videos/project-for-awesome-2026-camp-lilac-by-gender-sphere,Project for Awesome 2026 - Camp Lilac (by GenderSphere),https://www.youtube.com/watch?v=aLI-2eUWhis
32,2026,Argyle Community Parks Foundation,https://projectforawesome.com/videos/acpf-project-for-awesome-2026,ACPF - Project for Awesome 2026,https://www.youtube.com/watch?v=lKHijnbKIgo
33,2026,The Camp Tanamakoon Charitable Foundation Inc. o/a Camp Maple Leaf,https://projectforawesome.com/videos/project-for-awesome-2026-submission,Project for Awesome 2026 Submission,https://www.youtube.com/watch?v=Jx5sftQn5xk
34,2026,Wild Animal Initiative,https://projectforawesome.com/videos/wild-animal-initiative-p4-a-2026,Wild Animal Initiative - P4A 2026,https://www.youtube.com/watch?v=I-oZJJBEjyc
35,2026,West Suburban Humane Society,https://projectforawesome.com/videos/project-for-awesome-2026-west-suburban-humane-society,Project For Awesome 2026 - West Suburban Humane Society,https://www.youtube.com/watch?v=tDhvLf-Uyq4
36,2026,Thrive Youth Center,https://projectforawesome.com/videos/p4-a-2026-thrive-youth-center,P4A 2026: Thrive Youth Center,https://www.youtube.com/watch?v=xOyMgkwG8FI
37,2026,Cherry Children's Music Outreach,https://projectforawesome.com/videos/cherry-children-s-music-outreach-project-for-awesome-video-2026,Cherry Children's Music Outreach Project For Awesome Video 2026,https://www.youtube.com/watch?v=pb9Ky3anR04
38,2026,Second Tree,https://projectforawesome.com/videos/vote-for-second-tree-project-for-awesome-26,Vote for Second Tree! - Project for Awesome '26,https://www.youtube.com/watch?v=H2_Voeqnrps
39,2026,Now I Lay Me Down to Sleep,https://projectforawesome.com/videos/nilmdts-p4-a-2026,NILMDTS P4A 2026,https://www.youtube.com/watch?v=whGj-POCwZo
40,2026,Kate's Club,https://projectforawesome.com/videos/project-for-awesome-2026-kate-s-club,Project for Awesome 2026 - Kate's Club,https://www.youtube.com/watch?v=7kvLzBy2NLM
41,2026,Associa√ß√£o Aux√≠lio e Amizade (Aid & Friendship Association),https://projectforawesome.com/videos/p4-a-2026-associacao-auxilio-e-amizade-aid-and-friendship-association-project-for-awesome-2026,P4A 2026 - Associa√ß√£o Aux√≠lio e Amizade (Aid and Friendship Association) - Project for Awesome 2026,https://www.youtube.com/watch?v=ZJ4BbMSySaU
42,2026,RESCU Foundation,https://projectforawesome.com/videos/rescu-foundation-project-for-awesome-2026-nomination,RESCU Foundation | Project for Awesome 2026 Nomination,https://www.youtube.com/watch?v=BkhOIClqbN0
43,2026,Coalition Against Trafficking in Women,https://projectforawesome.com/videos/sex-trafficking,Sex trafficking,https://www.youtube.com/watch?v=KuzL7Qj6cro
44,2026,Native Land Conservancy,https://projectforawesome.com/videos/project-for-awesome-2026-save-sibley-prairie-by-michigan-land-conservancy,Project For awesome 2026: Save Sibley Prairie by Michigan Land Conservancy,https://www.youtube.com/watch?v=vbCfxFuwpE8
45,2026,Brady United Against Gun Violence,https://projectforawesome.com/videos/brady-united-against-gun-violence-project-for-awesome-2026,Brady United Against Gun Violence | Project for Awesome 2026,https://www.youtube.com/watch?v=OyBQ7y0sPkQ
46,2026,Girl Rising,https://projectforawesome.com/videos/project-for-awesome-2026-girl-rising-2,Project For Awesome 2026 - GIRL RISING,https://www.youtube.com/watch?v=o52ic2H84rM
47,2026,The Shadow Project,https://projectforawesome.com/videos/the-shadow-project-p4-a-2026,The Shadow Project - P4A 2026,https://www.youtube.com/watch?v=au18LLYerMc
48,2026,Furkids Animal Rescue & Shelters,https://projectforawesome.com/videos/project-for-awesome-2026-furkids-animal-rescue-and-shelters,Project for Awesome 2026: Furkids Animal Rescue & Shelters,https://www.youtube.com/watch?v=8cTnP2jRSWA
49,2026,ReFOCUS Media Labs,https://projectforawesome.com/videos/re-focus-media-labs-project-for-awesome-2026-2,ReFOCUS Media Labs - Project for Awesome 2026,https://www.youtube.com/watch?v=y93mupnDEzU
50,2026,Intertribal Agriculture Council,https://projectforawesome.com/videos/project-for-awesome-2026-intertribal-agriculture-council,Project for Awesome 2026 - Intertribal Agriculture Council,https://www.youtube.com/watch?v=PX1kVsES1bY
51,2026,Wisconsin Leadership Seminars (WILS),https://projectforawesome.com/videos/wisconsin-leadership-seminars-wils-project-for-awesome-2026,Wisconsin Leadership Seminars (WILS) Project For Awesome 2026,https://www.youtube.com/watch?v=_xI7d-iaHj0
52,2026,Legacy Youth Leadership,https://projectforawesome.com/videos/project-for-awesome-legacy-youth-leadership,Project for Awesome - Legacy Youth Leadership,https://www.youtube.com/watch?v=oPm1g2kZv9g
53,2026,Crisis Line & Safe House of Central Georgia,https://projectforawesome.com/videos/project-for-awesome-2026-camp-hope-central-georgia,Project For Awesome 2026- Camp HOPE Central Georgia,https://www.youtube.com/watch?v=fD7NTyDoQGY
54,2026,America's Watershed Initiative (AWI),https://projectforawesome.com/videos/project-for-awesome-2026-america-s-watershed-initiative-awi,Project For Awesome 2026 - America‚Äôs Watershed Initiative (AWI),https://www.youtube.com/watch?v=WmIvECwSecs
55,2026,Become,https://projectforawesome.com/videos/project-for-awesome-become,Project for Awesome - Become,https://www.youtube.com/watch?v=7aWB4u_PVfE
56,2026,Girl Rising,https://projectforawesome.com/videos/girl-rising-project-for-awesome-2026,Girl Rising: Project for Awesome 2026,https://www.youtube.com/watch?v=qJPgWrjIhzY
57,2026,Doctors Against Animal Experiments,https://projectforawesome.com/videos/doctors-against-animal-experiments-project-for-awesome-2026-how-to-rescue-animals-and-humans,Doctors Against Animal Experiments | Project For Awesome 2026 | How to rescue animals and humans,https://www.youtube.com/watch?v=0ehSNWXAJy8
58,2026,Legacy Youth Leadership,https://projectforawesome.com/videos/project-for-awesome-2026-legacy-youth-leadership-6,Project For Awesome 2026: Legacy Youth Leadership ,https://www.youtube.com/watch?v=Vy1p7Hd5d8c
59,2026,Immigrant Law center of Minnesota,https://projectforawesome.com/videos/project-for-awesome-immigration,Project for Awesome-Immigration,https://www.youtube.com/watch?v=Jtfo9AhEJIk
60,2026,Sustainability Matters,https://projectforawesome.com/videos/growing-the-next-generation-project-for-awesome-2026-2,Growing the Next Generation | Project for Awesome 2026,https://www.youtube.com/watch?v=MHUFEvaUabE
61,2026,Give Kids the World,https://projectforawesome.com/videos/p4-a-2026-give-kids-the-world,P4A 2026: Give Kids the World,https://www.youtube.com/watch?v=r-ETNVZNddY
62,2026,Hauling with Heart,https://projectforawesome.com/videos/p4-a-2026-hauling-with-heart,P4A 2026: Hauling with Heart,https://www.youtube.com/watch?v=HQk5GTot018
63,2026,Stichting Rescat,https://projectforawesome.com/videos/vote-for-stichting-resact-for-project-4-awesome-to-help-stray-cats-in-bahrain,Vote for Stichting Resact for Project 4 Awesome to help stray cats in Bahrain,https://www.youtube.com/watch?v=1GlbD01Ze08
64,2026,Soul Bil√≠ngue,https://projectforawesome.com/videos/meet-one-of-the-best-ng-os-in-brazil-project-for-awesome-2026,Meet One of the Best NGOs in Brazil | Project for Awesome 2026,https://www.youtube.com/watch?v=TplrT0PDKGA
65,2026,Everytown for Gun Safety,https://projectforawesome.com/videos/every-town-for-gun-safety-p4-a-2026,EveryTown for Gun Safety  - P4A 2026,https://www.youtube.com/watch?v=CZ1Lc26PTsA
66,2026,Thirst Project,https://projectforawesome.com/videos/thirst-project-for-p4-a-2026,Thirst Project for P4A 2026 !,https://www.youtube.com/watch?v=E_p2vyq53Og
67,2026,Drag Story Hour,https://projectforawesome.com/videos/project-for-awesome-2026-drag-story-hour,Project for Awesome 2026 - Drag Story Hour,https://www.youtube.com/watch?v=D6Uxlo1PVVU
68,2026,An Open Book Foundation,https://projectforawesome.com/videos/2026-project-4-awesome-an-open-book-foundation,2026 Project 4 Awesome - An Open Book Foundation,https://www.youtube.com/watch?v=FFV_9UNOxrE
69,2026,Ecology Project International,https://projectforawesome.com/videos/alumni-team-for-epi-during-project-for-awesome-2026,Alumni Team for EPI during Project for Awesome 2026!,https://www.youtube.com/watch?v=GQSMtwb9mtM
70,2026,Giving Green,https://projectforawesome.com/videos/project-for-awesome-2026-giving-green-recommended-by-mel,Project for Awesome 2026: Giving Green recommended by Mel,https://www.youtube.com/watch?v=4vsVti8PXUo
71,2026,Wabanaki Public Health and Wellness,https://projectforawesome.com/videos/wabanaki-public-health-and-wellness-p4-a-2026,Wabanaki Public Health and Wellness - P4A 2026,https://www.youtube.com/watch?v=jqNZFNtLgvw
72,2026,Village Alliance of the Southern Tier (VAST),https://projectforawesome.com/videos/village-alliance-of-the-southern-tier-vast-p4-a-2026,Village Alliance of the Southern Tier (VAST) | P4A 2026,https://www.youtube.com/watch?v=JPHV562yTFc
73,2026,Other People Fund,https://projectforawesome.com/videos/helping-people-pay-for-therapy-other-people-fund-project-for-awesome-2026,Helping People Pay for Therapy - Other People Fund - Project for Awesome 2026,https://www.youtube.com/watch?v=Fa4i2GgjByw
74,2026,Squires Empowering Young Dads,https://projectforawesome.com/videos/project-for-awesome-2026-video-submission,Project For Awesome 2026 Video Submission,https://www.youtube.com/watch?v=kYrqU-M6YBg
75,2026,Convergence Communautaire du Faso (COCOFA),https://projectforawesome.com/videos/project-for-awesome-2026-4,Project for Awesome 2026,https://www.youtube.com/watch?v=fSB0AA9ZEHk
76,2026,Casa Belen,https://projectforawesome.com/videos/project-for-awesome-2026-cb,Project for awesome 2026 cb,https://www.youtube.com/watch?v=ZetuBlXgf84
77,2026,Prison Book Program,https://projectforawesome.com/videos/project-4-awesome-2026-prison-book-program-eliana,Project 4 Awesome 2026 - Prison Book Program - Eliana!,https://www.youtube.com/watch?v=6biGmfolHR4
78,2026,Second Harvest Heartland,https://projectforawesome.com/videos/2026-project-for-awesome-second-harvest-heartland,2026 Project for Awesome - Second Harvest Heartland,https://www.youtube.com/watch?v=P6MwNXawfEU
79,2026,Pocono Family YMCA,https://projectforawesome.com/videos/pocono-family-ymca-project-for-awesome-2026,Pocono Family YMCA | Project for Awesome 2026,https://www.youtube.com/watch?v=URNLxboM5B4
80,2026,Raiden Science Foundation,https://projectforawesome.com/videos/project-for-awesome-2026-raiden-science-foundation-2,Project For Awesome 2026 - Raiden Science Foundation,https://www.youtube.com/watch?v=v_q0podBZCw
81,2026,Nuestra Tierra Aldea Creativa,https://projectforawesome.com/videos/nuestra-tierra-project-for-awesome-2026,Nuestra Tierra - Project for Awesome 2026,https://www.youtube.com/watch?v=8f6sLCQ-Ico
82,2026,Against Malaria Foundation,https://projectforawesome.com/videos/project-for-awesome-2026-amf,Project for Awesome 2026: AMF,https://www.youtube.com/watch?v=SMjmAzn3NcA
83,2026,APOPO,https://projectforawesome.com/videos/apopo-project-for-awesome-2026,APOPO: Project for Awesome 2026,https://www.youtube.com/watch?v=kOE7_Shx4fc
84,2026,Missoula Urban Demonstration Project (MUD),https://projectforawesome.com/videos/borrowing-tools-and-building-belonging-p4-a2026,Borrowing Tools and Building Belonging #p4A2026,https://www.youtube.com/watch?v=BdWHtPwQgeo
85,2026,Aspiritech,https://projectforawesome.com/videos/aspiritech-p4-a-2026,Aspiritech - P4A 2026,https://www.youtube.com/watch?v=b-OumEAp8vA
86,2026,Thirst Project,https://projectforawesome.com/videos/project-for-awesome-2026-the-thirst-project,Project For Awesome 2026 - The Thirst Project,https://www.youtube.com/watch?v=xfwsK3BtV1w
87,2026,Wellness in the Schools,https://projectforawesome.com/videos/wellness-in-the-school-s-project-for-awesome-grant-nomination,Wellness in the School's Project for Awesome Grant Nomination,https://www.youtube.com/watch?v=203b3pIlWGo
88,2026,ISKME,https://projectforawesome.com/videos/project-for-awesome-2026-iskme,Project for Awesome 2026 - ISKME,https://www.youtube.com/watch?v=83wzhtYFFSI
89,2026,Climate Smart Missoula,https://projectforawesome.com/videos/nominating-climate-smart-missoula-for-project4-awesome-2026,Nominating Climate Smart Missoula for Project4Awesome 2026,https://www.youtube.com/watch?v=qJyNUxLbruI
90,2026,Centre for the Governance of AI,https://projectforawesome.com/videos/project-for-awesome-2026-gov-ai,Project for Awesome 2026: GovAI,https://www.youtube.com/watch?v=091QaD6QpBw
91,2026,Breakthrough T1D,https://projectforawesome.com/videos/project-for-awesome-breakthrough-t1-d-2026,Project for Awesome Breakthrough T1D 2026,https://www.youtube.com/watch?v=wnG6-YOMoTM
92,2026,Emmy's Academy,https://projectforawesome.com/videos/project-for-awesome-2026-emmy-s-academy,"Project for Awesome 2026, Emmy‚Äôs Academy",https://www.youtube.com/watch?v=Do6VKAlf3ys
93,2026,Legacy Youth Leadership,https://projectforawesome.com/videos/john-roig-legacy-p4-a-2026,JOHN ROIG.LEGACY.P4A.2026,https://www.youtube.com/watch?v=OJGFPNjloJA
94,2026,Shooting Touch,https://projectforawesome.com/videos/shooting-touch-project-for-awesome-2026,Shooting Touch - Project For Awesome 2026 üèÄ,https://www.youtube.com/watch?v=6kbXbArabKw
95,2026,Thirst Project,https://projectforawesome.com/videos/vote-thirst-project-for-project-for-awesome-p4-a-2026-2,Vote Thirst Project for Project for Awesome (P4A) 2026!!!!!!,https://www.youtube.com/watch?v=uc3egqRfJ6Y
96,2026,immigration equality,https://projectforawesome.com/videos/project-for-awesome-immigration-equality,Project for awesome IMMIGRATION EQUALITY . ,https://www.youtube.com/watch?v=W6e8ddu_y_E
97,2026,UEEH,https://projectforawesome.com/videos/project-for-awesome-2026-the-ueeh,Project for Awesome 2026 ‚Äì The UEEH,https://www.youtube.com/watch?v=syEqnF1jk88
98,2026,Therapies Unite,https://projectforawesome.com/videos/p4-a-2026-therapies-unite,P4A 2026 - Therapies Unite,https://www.youtube.com/watch?v=xaNWx9syLtU
99,2026,The Cholangiocarcinoma Foundation,https://projectforawesome.com/videos/vote-for-the-cholangiocarcinoma-foundation-p4-a-2026,Vote for The Cholangiocarcinoma Foundation P4A 2026!,https://www.youtube.com/watch?v=MMV3YqKOv08
100,2026,The Phoenix House New York,https://projectforawesome.com/videos/project-for-awesome-the-phoenix-house-new-york,Project For Awesome - The Phoenix House New York,https://www.youtube.com/watch?v=K659K1AImBA
101,2026,America's Watershed Initiative (AWI),https://projectforawesome.com/videos/project-for-awesome-america-s-watershed-initiative-2026,Project for Awesome - America's Watershed Initiative 2026,https://www.youtube.com/watch?v=04I2CyeNHJ8
102,2026,Ngombor,https://projectforawesome.com/videos/ngombor-project-for-awesome-2026,Ngombor Project for Awesome 2026,https://www.youtube.com/watch?v=kx6mQkvE-Rk
103,2026,Queer Liberation Library,https://projectforawesome.com/videos/queer-liberation-library-project-for-awesome-2026,Queer Liberation Library - Project for Awesome 2026!,https://www.youtube.com/watch?v=Ho4hw1QvNKI
104,2026,Prison Book Program,https://projectforawesome.com/videos/prison-book-program-p4-a-2026-rachael-and-molly,Prison Book Program P4A 2026 - Rachael and Molly,https://www.youtube.com/watch?v=RwvRNzxaklA
105,2026,Thirst Project,https://projectforawesome.com/videos/thirst-project-2026-project-for-awesome-by-damon-brown,"THIRST PROJECT....2026 Project For Awesome, by Damon Brown",https://www.youtube.com/watch?v=N3Qkbz63thg
106,2026,Just Safe,https://projectforawesome.com/videos/just-safe-project-for-awesome-submission-2026,Just Safe: Project For Awesome Submission 2026,https://www.youtube.com/watch?v=yTIfDXntJ-E
107,2026,Refuge Coffee Co.,https://projectforawesome.com/videos/project-for-awesome-2026-nomination-for-refuge-coffee-co,Project for Awesome 2026 - Nomination for Refuge Coffee Co,https://www.youtube.com/watch?v=L-ddVbcLqWE
108,2026,Children's Health Fund,https://projectforawesome.com/videos/children-s-health-fund-p4-a-2026,Children's Health Fund P4A 2026,https://www.youtube.com/watch?v=7CKnvwAhmek
109,2026,Fundaci√≥n del Quemado,https://projectforawesome.com/videos/p4-a-2026-fundacion-del-quemado,P4A 2026   Fundaci√≥n del Quemado,https://www.youtube.com/watch?v=lc6dQCqgIxQ
110,2026,Thirst Project,https://projectforawesome.com/videos/vote-thirst-project-for-project-for-awesome-p4-a-2026-1,Vote Thirst Project for Project for Awesome (P4A) 2026!!!!!!,https://www.youtube.com/watch?v=FnBVP_miKnQ
111,2026,wellpower,https://projectforawesome.com/videos/project-for-awesome-2026-mental-health,Project for Awesome 2026 (Mental Health).,https://www.youtube.com/watch?v=oIeTjvrmz6I
112,2026,Nonhuman Rights Project,https://projectforawesome.com/videos/the-nonhuman-rights-project-project-for-awesome-2026,The Nonhuman Rights Project - Project for Awesome 2026,https://www.youtube.com/watch?v=JHRzX29myKY
113,2026,Kingdom Home,https://projectforawesome.com/videos/kingdom-home-project-for-awesome-2026,Kingdom Home Project For Awesome 2026,https://www.youtube.com/watch?v=iicM1pR7lgE
114,2026,SeriousFun Children's Network,https://projectforawesome.com/videos/project-for-awesome-2026-serious-fun-children-s-network,Project for Awesome 2026 - SeriousFun Children's Network,https://www.youtube.com/watch?v=7wCbmy7SZYQ
115,2026,Project Guardian,https://projectforawesome.com/videos/p4-a-2026-project-guardian,P4A 2026 - Project Guardian,https://www.youtube.com/watch?v=FU6-RKd-1hI
116,2026,Soft Landing Missoula,https://projectforawesome.com/videos/soft-landing-missoula-nomination-for-project-for-awesome-2026,Soft Landing Missoula nomination for Project for Awesome 2026,https://www.youtube.com/watch?v=QRr4fKO15O8
117,2026,Free2Luv,https://projectforawesome.com/videos/my-nomination-for-free2-luv-for-project-4-awesome-2026,My Nomination for Free2Luv for Project 4 Awesome 2026!,https://www.youtube.com/watch?v=Dam-wJ97Gp4
118,2026,CASA NYC,https://projectforawesome.com/videos/project-for-awesome-2026-9,Project for Awesome 2026,https://www.youtube.com/watch?v=IKnbFrMcjnU
119,2026,Habibi.Works,https://projectforawesome.com/videos/our-sports-coordinator-at-habibi-works-benja-submission-for-project-for-awesome-2026,Our sports coordinator at Habibi.Works: Benja! - Submission for Project for Awesome 2026!,https://www.youtube.com/watch?v=UQR_HQoNDTY
120,2026,The Marfan Trust,https://projectforawesome.com/videos/the-marfan-trust-p4-a-2026,The Marfan Trust - P4A 2026,https://www.youtube.com/watch?v=kO5oi8aRhtw
121,2026,Legacy Youth Leadership,https://projectforawesome.com/videos/project-for-awesome-2026-legacy-youth-leadership-4,Project For Awesome 2026- Legacy Youth Leadership,https://www.youtube.com/watch?v=9Lhy6FzFBno
122,2026,Habibi.Works,https://projectforawesome.com/videos/this-is-a-submission-to-project-4-awesome-2026-book-launch-and-fundraiser-for-habibi-works,This is a Submission to Project 4 Awesome 2026:  Book launch and fundraiser for Habibi.Works,https://www.youtube.com/watch?v=1j6Pt97whnY
123,2026,Melodies of Liberation,https://projectforawesome.com/videos/melodies-of-liberation-for-the-2026-project-for-awesome,Melodies of Liberation for the 2026 Project for Awesome,https://www.youtube.com/watch?v=qYhLve_LdGY
124,2026,HeartBrothers Foundation,https://projectforawesome.com/videos/heart-brothers-foundation-2026-project-for-awesome-submission,HeartBrothers Foundation - 2026 Project for Awesome Submission,https://www.youtube.com/watch?v=mHW0Mm5E-N8
125,2026,Habibi.Works,https://projectforawesome.com/videos/a-day-at-habibi-works-i-project-for-awesome-2026-submission,A day at Habibi.Works I Project for Awesome 2026 Submission,https://www.youtube.com/watch?v=GDEJBz7758o
126,2026,Chef Ann Foundation,https://projectforawesome.com/videos/the-chef-ann-foundation-gets-schools-cooking,The Chef Ann Foundation Gets Schools Cooking,https://www.youtube.com/watch?v=rDMq2dZoyLo
127,2026,Girl Rising,https://projectforawesome.com/videos/february-7-2026,"February 7, 2026",https://www.youtube.com/watch?v=To9Cp9XQTsY
128,2026,Legacy Youth Leadership,https://projectforawesome.com/videos/project-for-awesome-2026-legacy-youth-leadership-5,Project For Awesome 2026: Legacy Youth Leadership,https://www.youtube.com/watch?v=rDwTH6PTQ5c
129,2026,Animal Welfare Observatory,https://projectforawesome.com/videos/project-for-awesome-2026-animal-welfare-observatory-recommended-by-bjoern,Project for Awesome 2026: Animal Welfare Observatory recommended by Bj√∂rn,https://www.youtube.com/watch?v=IaNvzIyzZrE
130,2026,Girl Rising,https://projectforawesome.com/videos/vote-for-girl-rising-in-project-for-awesome-2026,Vote for Girl Rising in Project For Awesome 2026!,https://www.youtube.com/watch?v=IsdJgMbiDeM
131,2026,Camp Quest,https://projectforawesome.com/videos/camp-quest-2026-project-for-awesome-1,Camp Quest 2026 Project for Awesome,https://www.youtube.com/watch?v=bPp0jaqbnZM
132,2026,Climate Ed,https://projectforawesome.com/videos/project-for-awesome-2026-7,Project for Awesome 2026,https://www.youtube.com/watch?v=fxLcks0lp5A
133,2026,Habibi.Works,https://projectforawesome.com/videos/an-organization-i-love-habibi-works-project-for-awesome-2026-submission,"An organization I love: Habibi.Works, Project For Awesome 2026 submission",https://www.youtube.com/watch?v=sRFcO6vslx0
134,2026,American Library Association,https://projectforawesome.com/videos/how-historians-fight-fascism-ft-katz-ve,How Historians Fight Fascism - ft. @KatzVE,https://www.youtube.com/watch?v=hT5uj1gTNkM
135,2026,Thirst Project,https://projectforawesome.com/videos/i-nominate-thirst-project-for-project-for-awesome-2026,I Nominate Thirst Project for Project for Awesome 2026!,https://www.youtube.com/watch?v=FK3H8aMm0ho
136,2026,The Humane League,https://projectforawesome.com/videos/project-4-awesome-2026-the-humane-league,Project 4 Awesome 2026 - The Humane League,https://www.youtube.com/watch?v=XeL3slwhGl8
137,2026,Allied Scholars for Animal Protection (ASAP),https://projectforawesome.com/videos/vote-asap-to-save-animals-and-planet-p4a2026,Vote ASAP to Save Animals and Planet #p4a2026,https://www.youtube.com/watch?v=--_0vxICQKk
138,2026,The Plural Association,https://projectforawesome.com/videos/plurals-for-project-for-awesome-2026,Plurals for Project for Awesome 2026,https://www.youtube.com/watch?v=SDfqCcocE1s
139,2026,Tackle Kids Cancer,https://projectforawesome.com/videos/project4-awesome-tackle-kids-cancer,Project4Awesome - Tackle Kids Cancer,https://www.youtube.com/watch?v=WctJsmi4KUw
140,2026,Alzheimer's Society,https://projectforawesome.com/videos/peter-s-story-project-for-awesome-2026,Peter's Story - Project for Awesome 2026,https://www.youtube.com/watch?v=RkVumJ7GEaE
141,2026,Village Health Works,https://projectforawesome.com/videos/project-for-awesome-2026-village-health-works,Project for Awesome 2026 - Village Health Works,https://www.youtube.com/watch?v=9nlfQP_9NTU
142,2026,22 Jumps,https://projectforawesome.com/videos/22-jumps-project-4-awesome-2026-submission,22 Jumps: Project 4 Awesome 2026 Submission,https://www.youtube.com/watch?v=FsYCvllULfY
143,2026,The Lift Garage,https://projectforawesome.com/videos/the-lift-garage-project-for-awesome-2026,The Lift Garage | Project for Awesome 2026,https://www.youtube.com/watch?v=U4B2p37aUBg
144,2026,Legacy Youth Leadership,https://projectforawesome.com/videos/vote-legacy-youth-leadership-project-for-awesome-2026,Vote Legacy Youth Leadership - Project For Awesome 2026,https://www.youtube.com/watch?v=bQWRcafGrR0
145,2026,Baltimore Underground Science Space (BUGSS),https://projectforawesome.com/videos/biology-is-for-everyone-yes-even-you-bugss-p4-a-2026,"Biology is for Everyone (Yes, Even You!) | BUGSS P4A 2026",https://www.youtube.com/watch?v=KFNppGRtT1A
146,2026,Print the Love,https://projectforawesome.com/videos/project-4-awesome-2026-print-the-love,Project 4 Awesome 2026 - Print the Love,https://www.youtube.com/watch?v=FDTW8CHRwNk
147,2026,Purple House,https://projectforawesome.com/videos/project-for-awesome-2026-purple-house-charity-nomination,Project for Awesome 2026 - Purple House Charity Nomination,https://www.youtube.com/watch?v=A8J1JV_DPDs
148,2026,Girl Rising,https://projectforawesome.com/videos/educate-a-girl-change-the-world-project-for-awesome-2026,Educate a Girl. Change the World. | Project for Awesome 2026,https://www.youtube.com/watch?v=rVZvfHzg-vk
149,2026,Good Food Institute,https://projectforawesome.com/videos/support-the-magical-good-food-institute-project-for-awesome-2026,Support the magical Good Food Institute! | Project for Awesome 2026,https://www.youtube.com/watch?v=g2LadqdubpQ
150,2026,Curiosity Learning,https://projectforawesome.com/videos/project-for-awesome-2026-curiosity-learning,Project for Awesome 2026 - Curiosity Learning,https://www.youtube.com/watch?v=5s41EC2D-Yk
151,2026,Archaeology in the Community,https://projectforawesome.com/videos/aitc-project-for-awesome-2026-ruth-trocolli,AITC Project for Awesome 2026: Ruth Trocolli,https://www.youtube.com/watch?v=-fAPF6eXLUM
152,2026,St. Jude Children's Research Hospital,https://projectforawesome.com/videos/project-for-awesome-2026-6,Project For Awesome 2026,https://www.youtube.com/watch?v=QRRF235rMUQ
153,2026,EmpowerVan,https://projectforawesome.com/videos/empower-van-project-for-awesome-decrease-world-suck-with-self-defense,EmpowerVan - Project for Awesome - Decrease World Suck with Self-Defense,https://www.youtube.com/watch?v=OL1sryh8144
154,2026,Uplift,https://projectforawesome.com/videos/uplift-organization-project-for-awesome-2026,Uplift Organization | Project for Awesome 2026,https://www.youtube.com/watch?v=OFnDW3ELQK0
155,2026,The Doris Howell Foundation,https://projectforawesome.com/videos/the-doris-howell-foundation-project-for-awesome-2026,The Doris Howell Foundation - Project for Awesome 2026,https://www.youtube.com/watch?v=VMTwUszQmOs
156,2026,KidZone TV,https://projectforawesome.com/videos/project-4-awesome-2026-lights-camera-kid-zone-tv,"Project 4 Awesome 2026: Lights, Camera, KidZone TV!",https://www.youtube.com/watch?v=c84y-eB-cSs
157,2026,Ten by Three,https://projectforawesome.com/videos/project-for-awesome-2026-10,Project For Awesome - 2026,https://www.youtube.com/watch?v=27vEZZwKETQ
158,2026,Asian Americans United,https://projectforawesome.com/videos/asian-americans-united-project-for-awesome-2026,Asian Americans United | Project for Awesome 2026,https://www.youtube.com/watch?v=LnbjlS7x4tk
159,2026,Thirst Project,https://projectforawesome.com/videos/thirst-project-project-for-awesome-video-2026,Thirst Project - Project for Awesome Video 2026,https://www.youtube.com/watch?v=qO0_zc2gBhw
160,2026,Thirst Project,https://projectforawesome.com/videos/thirst-project-for-project-for-awesome-2026,Thirst Project for Project For Awesome 2026,https://www.youtube.com/watch?v=4GoBDy1vMYg
161,2026,Fistula Foundation,https://projectforawesome.com/videos/project-for-awesome-2026-fistula-foundation,Project for Awesome 2026 | Fistula Foundation,https://www.youtube.com/watch?v=pjhp--j1Xls
162,2026,BDSRA Foundation,https://projectforawesome.com/videos/project-for-awesome-2026-bdsra-foundation,Project for Awesome 2026: BDSRA Foundation,https://www.youtube.com/watch?v=pN-_vG30gbs
163,2026,Ethical Seafood Research,https://projectforawesome.com/videos/project-for-awesome-2026-vote-for-ethical-seafood-research,Project for Awesome 2026: Vote for Ethical Seafood Research!,https://www.youtube.com/watch?v=HXe5mzZXV9g
164,2026,KKOOM,https://projectforawesome.com/videos/vote-for-kkoom-for-project-for-awesome-2026,Vote for KKOOM for Project for Awesome 2026,https://www.youtube.com/watch?v=uS4S74Or9dg
165,2026,ProVeg International,https://projectforawesome.com/videos/project-for-awesome-2026-writing-the-next-chapter-of-our-food-story-with-pro-veg,Project for Awesome 2026: Writing the Next Chapter of Our Food Story with ProVeg,https://www.youtube.com/watch?v=J3Lzjs0IQXw
166,2026,Swan Valley Connections,https://projectforawesome.com/videos/svc-project-for-awesome-2026,SVC Project for Awesome 2026,https://www.youtube.com/watch?v=scMGTzah6u8
167,2026,The Roots of Music,https://projectforawesome.com/videos/the-roots-of-music-project-for-awesome-2026,The Roots of Music: Project for Awesome 2026,https://www.youtube.com/watch?v=8tVGJasmaGk
168,2026,Open AIR,https://projectforawesome.com/videos/open-air-project-for-awesome-2026,Open AIR: Project For Awesome 2026,https://www.youtube.com/watch?v=wkRzb-yOrjA
169,2026,The Humane League,https://projectforawesome.com/videos/who-we-are,Who we are,https://www.youtube.com/watch?v=mFaY3eslxAA
170,2026,Reading Is Fundamental,https://projectforawesome.com/videos/project-for-awesome-2026-reading-is-fundamental,Project For Awesome 2026: Reading Is Fundamental,https://www.youtube.com/watch?v=uQFehJfymzE
171,2026,Habitat for Humanity of Greater Charlottesville,https://projectforawesome.com/videos/habitat-for-humanity-of-greater-charlottesville-project-for-awesome-2026,Habitat for Humanity of Greater Charlottesville: Project for Awesome 2026,https://www.youtube.com/watch?v=IHRV1FiB_uM
172,2026,Paula Sparks World Moot on International Law and Animal Rights,https://projectforawesome.com/videos/please-vote-for-paula-sparks-wmilar-for-project-for-awesome-2026,Please vote for Paula Sparks WMILAR for Project For Awesome 2026,https://www.youtube.com/watch?v=VCIzIav2Tz4
173,2026,Camp Lilac,https://projectforawesome.com/videos/my-best-impulse-decision-camp-lilac-and-project-for-awesome,my best impulse decision | Camp Lilac & Project For Awesome,https://www.youtube.com/watch?v=7Z6EUjo-pY4
174,2026,National Eating Disorders Association,https://projectforawesome.com/videos/let-s-talk-about-eating-disorders-project-for-awesome,Let‚Äôs Talk About Eating Disorders | Project for Awesome,https://www.youtube.com/watch?v=-HjIRl0hHLo
175,2026,Tennessee Environmental Council,https://projectforawesome.com/videos/please-vote-tec-s-p4-a-project-for-awesome-2026-video-submission,Please Vote! TEC's P4A Project for Awesome 2026 video submission,https://www.youtube.com/watch?v=OkxY8Mbil2Y
176,2026,This Star Won't Go Out,https://projectforawesome.com/videos/project-4-awesome-2026-tswgo,Project 4 Awesome 2026: TSWGO,https://www.youtube.com/watch?v=3ohcRHbWp00
177,2026,Suubi Teen MOPS Uganda,https://projectforawesome.com/videos/project-for-awesome-2026-suubi-uganda-empowering-families-to-build-lasting-stability,Project for Awesome 2026  Suubi Uganda empowering families to build lasting stability.,https://www.youtube.com/watch?v=Q2-ZN1JSjM8
178,2026,Native American Community Services of Erie & Niagara Counties,https://projectforawesome.com/videos/community-in-action-native-american-community-services-of-erie-and-niagara-county,Community in Action | Native American Community Services of Erie & Niagara County,https://www.youtube.com/watch?v=CyJ6aic-pjQ
179,2026,Girl Rising,https://projectforawesome.com/videos/girls-are-meant-to-learn-and-lead-girl-rising-for-p4-a-2026,Girls are meant to learn & lead! | Girl Rising for P4A 2026!,https://www.youtube.com/watch?v=LTiCU2NNjuc
180,2026,Clinic by the Bay,https://projectforawesome.com/videos/february-8-2026,"February 8, 2026",https://www.youtube.com/watch?v=fND2x9giCqE
181,2026,Lafiya,https://projectforawesome.com/videos/lafiya-saving-lives-through-family-planning-p4-a,Lafiya: Saving Lives Through Family Planning P4A,https://www.youtube.com/watch?v=P4JBkWH9hwo
182,2026,SOS Animales Nicaragua,https://projectforawesome.com/videos/project-for-awesome-2026-sos-animales-nicaragua,Project for Awesome 2026 - SOS Animales Nicaragua,https://www.youtube.com/watch?v=3KXQgABP6TI
183,2026,Campaign Against Living Miserably,https://projectforawesome.com/videos/project-for-awesome-2026-talk-about-calm,Project For Awesome 2026 | TALK ABOUT CALM,https://www.youtube.com/watch?v=BoWMvWJ9he8
184,2026,"Carabiner Collections, Inc.",https://projectforawesome.com/videos/carabiner-collections-lgbtqia-library-project-for-awesome-2026,Carabiner Collections LGBTQIA+ Library | Project For Awesome 2026,https://www.youtube.com/watch?v=7jAeovscAuA
185,2026,Rez Vet,https://projectforawesome.com/videos/project-for-awesome-2026-3,Project for Awesome 2026,https://www.youtube.com/watch?v=ie2aqYm8EhM
186,2026,Feeding America,https://projectforawesome.com/videos/breaking-the-silence-menstrual-health-and-dignity-project-for-awesome-2026,"Breaking the Silence: Menstrual Health & Dignity (""Project for Awesome"" 2026)",https://www.youtube.com/watch?v=9tLJ4BaEH7o
187,2026,A Cat's Life Rescue,https://projectforawesome.com/videos/project-for-awesome-2026-a-cat-s-life-rescue,Project for Awesome 2026: A Cat's Life Rescue,https://www.youtube.com/watch?v=UiNg2fqAh58
188,2026,Acceptess-T,https://projectforawesome.com/videos/project-4-awesome-2026,Project 4 Awesome 2026,https://www.youtube.com/watch?v=hb3xn3vkDY8
189,2026,Tailored Food,https://projectforawesome.com/videos/tailored-food-project-for-awesome-2026-submission,Tailored Food - Project for Awesome 2026 Submission,https://www.youtube.com/watch?v=IaYUkPH4aGk
190,2026,Patterson-McCallum-Mareta Charitable Pharmacy (PMMCP),https://projectforawesome.com/videos/patterson-mc-callum-mareta-charitable-pharmacy-pmmcp-p4-a-2026,Patterson-McCallum-Mareta Charitable Pharmacy (PMMCP) | P4A 2026,https://www.youtube.com/watch?v=FObgO4vXP_k
191,2026,SouthWest Organizing Project,https://projectforawesome.com/videos/swop-project-for-awesome-2026,SWOP - Project for Awesome 2026,https://www.youtube.com/watch?v=vFjvxTz53Nw
192,2026,National Immigration Law Center,https://projectforawesome.com/videos/project-for-awesome-immigration-in-the-united-states,Project For Awesome: Immigration In The United States,https://www.youtube.com/watch?v=jgzau8tXj1w
193,2026,Heart of PPA2,https://projectforawesome.com/videos/p4-a-2026-heart-of-ppa-2,P4A 2026: Heart of PPA2 ‚ù§Ô∏è,https://www.youtube.com/watch?v=2BLwdwla82o
194,2026,"Carabiner Collections, Inc.",https://projectforawesome.com/videos/carabiner-collections-lgbtqia-library-project-for-awesome-2026-2,Carabiner Collections LGBTQIA+ Library | Project For Awesome 2026,https://www.youtube.com/watch?v=7jAeovscAuA
195,2026,S.A.L.V.E. International,https://projectforawesome.com/videos/project-for-awesome-application-2026,Project for Awesome Application 2026,https://www.youtube.com/watch?v=XRBauSRGMMU
196,2026,Merrymac Farm Sanctuary,https://projectforawesome.com/videos/project-for-awesome-2026-1770534179642,Project for Awesome 2026!,https://www.youtube.com/watch?v=OiZGgYQEZNQ
197,2026,GiveInternet.org,https://projectforawesome.com/videos/p4-a-2026-give-internet,P4A 2026: Give Internet,https://www.youtube.com/watch?v=JHEt8w5sLm8
198,2026,Doctors Without Borders,https://projectforawesome.com/videos/doctors-without-borders-project-for-awesome-2026,Doctors Without Borders | Project for Awesome 2026,https://www.youtube.com/watch?v=tkjQhzH9vQM
199,2026,Thirst Project,https://projectforawesome.com/videos/thirst-project-project-4-awesome-2026,Thirst Project - Project 4 Awesome 2026,https://www.youtube.com/watch?v=xrnjcR0Nrkw
200,2026,Medical Aid for Palestinians,https://projectforawesome.com/videos/project-for-awesome-2026-medical-aid-for-palestinians,Project for Awesome 2026 - Medical Aid for Palestinians,https://www.youtube.com/watch?v=sB0RXKGQHcY
201,2026,We Are TB,https://projectforawesome.com/videos/2026-project-for-awesome-we-are-tb,2026 Project For Awesome: We Are TB,https://www.youtube.com/watch?v=_DMvgTp0iaI
202,2026,St. Francis Inn,https://projectforawesome.com/videos/project-for-awesome-st-francis-inn-soup-kitchen,Project for Awesome- St. Francis Inn Soup Kitchen,https://www.youtube.com/watch?v=7xOE8BtJjPs
203,2026,ASISTA Immigration Assistance,https://projectforawesome.com/videos/don-t-forget-to-vote-for-asista-at-project-4-awesome-2026,Don't forget to vote for ASISTA at Project 4 Awesome 2026!,https://www.youtube.com/watch?v=CvFlR3XORAw
204,2026,Girl Rising,https://projectforawesome.com/videos/7-february-2026,7 February 2026,https://www.youtube.com/watch?v=6AI92tBDwVw
205,2026,Literacy for Life,https://projectforawesome.com/videos/literacy-for-life-project-for-awesome-2026,Literacy for Life Project for Awesome 2026,https://www.youtube.com/watch?v=WNoz_tueVXA
206,2026,Merced Housing Texas,https://projectforawesome.com/videos/project-for-awesome-2026-merced-housing-texas,Project for Awesome 2026 - Merced Housing Texas,https://www.youtube.com/watch?v=69OtWkLdRPo
207,2026,Coffin-Siris Syndrome Foundation,https://projectforawesome.com/videos/coffin-siris-syndrome-foundation-project-for-awesome-video-2026,Coffin Siris Syndrome Foundation Project for Awesome Video 2026,https://www.youtube.com/watch?v=QqQHu8RKjV8
208,2026,Wigs4Kids,https://projectforawesome.com/videos/project-for-awesome-2026-wigs-for-kids,Project For Awesome 2026 - Wigs For Kids,https://www.youtube.com/watch?v=-bcsdAbyRi0
209,2026,Thirst Project,https://projectforawesome.com/videos/thirst-project-for-project-for-awesome-2026-2,Thirst Project for Project for Awesome 2026,https://www.youtube.com/watch?v=4l1tGwcW9_g
210,2026,selfm-aid,https://projectforawesome.com/videos/skills-factory,Skills Factory ,https://www.youtube.com/watch?v=B9K42YMDwPU
211,2026,Liberty in North Korea,https://projectforawesome.com/videos/project-for-awesome-2026-vote-for-liberty-in-north-korea,Project For Awesome 2026: Vote for Liberty in North Korea!,https://www.youtube.com/watch?v=HRxPZDEn8jo
212,2026,The News Literacy Project,https://projectforawesome.com/videos/project-for-awesome-2026-the-news-literacy-project,Project for Awesome 2026 | The News Literacy Project,https://www.youtube.com/watch?v=VzmgrhL0o2E
213,2026,International Campaign to Abolish Nuclear Weapons,https://projectforawesome.com/videos/ban-all-nuclear-weapons-project-for-awesome-2026,Ban all nuclear weapons! | Project for Awesome 2026,https://www.youtube.com/watch?v=6omwvAgp08I
214,2026,New Meaning Foundation,https://projectforawesome.com/videos/project-for-awesome-2026-meet-new-meaning-foundation,Project for Awesome 2026: Meet New Meaning Foundation,https://www.youtube.com/watch?v=nnG2eFnTAi0
215,2026,Joe Andruzzi Foundation,https://projectforawesome.com/videos/joe-andruzzi-foundation-more-than-football-project-for-awesome-2026,Joe Andruzzi Foundation | More Than Football | Project for Awesome 2026,https://www.youtube.com/watch?v=NvbOqiNzsdQ
216,2026,Legacy Youth Leadership,https://projectforawesome.com/videos/moses-bernasconi-project-for-awesome-2026-legacy-youth-leadership,Moses Bernasconi Project For Awesome 2026: Legacy Youth Leadership ,https://www.youtube.com/watch?v=52cfmvYTKx8
217,2026,West Side Campaign Against Hunger,https://projectforawesome.com/videos/project-for-awesome-2026-west-side-campaign-against-hunger,Project for Awesome 2026 - West Side Campaign Against Hunger,https://www.youtube.com/watch?v=pz-bKG8z9R4
218,2026,AIDS Resource Alliance,https://projectforawesome.com/videos/aids-resource-project-awesome-2026-video,AIDS Resource Project Awesome 2026 video,https://www.youtube.com/watch?v=eRhryuUN8T8
219,2026,Good Food Fund,https://projectforawesome.com/videos/good-food-fund-project-for-awesome-2026,Good Food Fund - Project for Awesome 2026,https://www.youtube.com/watch?v=YkDhghxgNKo
220,2026,RAPTOR Inc.,https://projectforawesome.com/videos/project-for-awesome-2026-raptor-inc,Project for Awesome 2026 | RAPTOR Inc.,https://www.youtube.com/watch?v=t90RhCRJrGg
221,2026,Autistica,https://projectforawesome.com/videos/project-for-awesome-2026-autistica,Project for Awesome 2026: Autistica,https://www.youtube.com/watch?v=cRzQvAv77EY
222,2026,Faunalytics,https://projectforawesome.com/videos/faunalytics-p4-a-2026,faunalytics - P4A 2026,https://www.youtube.com/watch?v=Zgt8HaOy7uI
223,2026,Women's Foundation of Minnesota,https://projectforawesome.com/videos/project-for-awesome-2026-women-s-foundation-of-minnesota,Project For Awesome 2026 - Women's Foundation of Minnesota,https://www.youtube.com/watch?v=7q9zgDWZr9g
224,2026,West Suburban Humane Society,https://projectforawesome.com/videos/project-for-awesome-2026-west-suburban-humane-society-2,Project For Awesome 2026 - West Suburban Humane Society,https://www.youtube.com/watch?v=tDhvLf-Uyq4
225,2026,Habibi.Works,https://projectforawesome.com/videos/habibi-works-sewing-area-project-for-awesome-2026,HABIBI WORKS! Sewing area. Project for awesome 2026,https://www.youtube.com/watch?v=fSTxbXzGUOM
226,2026,Rural Health Care Initiative,https://projectforawesome.com/videos/project-for-awesome-2026-rural-health-care-iniative,Project For Awesome 2026- Rural Health Care Iniative,https://www.youtube.com/watch?v=Z8H-Q7aTzAY
227,2026,Cure CLCN6,https://projectforawesome.com/videos/project-for-awesome-2026-nomination-video,Project For Awesome 2026 Nomination Video,https://www.youtube.com/watch?v=YJUQQ4CRwOc
228,2026,Girl Rising,https://projectforawesome.com/videos/from-goma-to-the-world-why-i-m-fighting-for-girls-education-p4-a2026,From Goma to the World: Why I‚Äôm Fighting for Girls‚Äô Education #P4A2026,https://www.youtube.com/watch?v=agqf16qZO3M
229,2026,Habibi.Works,https://projectforawesome.com/videos/our-english-teacher-at-habibi-works-dido-submission-for-project-for-awesome-2026,Our english teacher at Habibi.Works: Dido! - Submission for Project for Awesome 2026,https://www.youtube.com/watch?v=1suQjHvmooY
230,2026,The Tahirih Justice Center,https://projectforawesome.com/videos/project-for-awesome-protecting-immigrant-women-2,Project For Awesome - Protecting Immigrant Women ,https://www.youtube.com/watch?v=Pne20rlKJww
231,2026,LOVEPAWS,https://projectforawesome.com/videos/vote-for-lovepaws-for-project-for-awesome-2026,Vote for LOVEPAWS for Project for Awesome 2026,https://www.youtube.com/watch?v=_FTq-EcPtGA
232,2026,United Mitochondrial Disease Foundation,https://projectforawesome.com/videos/i-had-to-use-mitochondria-to-make-this-video-project-for-awesome-2026,I had to use mitochondria to make this video | Project for Awesome 2026,https://www.youtube.com/watch?v=6_k42tSwGf0
233,2026,GiveDirectly,https://projectforawesome.com/videos/project-for-awesome-2026-give-directly-recommended-by-pablo,Project for Awesome 2026: GiveDirectly recommended by Pablo,https://www.youtube.com/watch?v=4ABFw_OIZrk
234,2026,FarmKind,https://projectforawesome.com/videos/farm-kind-for-project-for-awesome-2026,FarmKind for Project for Awesome 2026,https://www.youtube.com/watch?v=qKi0COBE77Y
235,2026,Legacy Youth Leadership,https://projectforawesome.com/videos/project-for-awesome-2026-legacy-youth-leadership-2,Project For Awesome 2026 - Legacy Youth Leadership,https://www.youtube.com/watch?v=eV_UJLk9nVQ
236,2026,Caroline Symmes Children‚Äôs Cancer Endowment,https://projectforawesome.com/videos/project-for-awesome-2026-caroline-symmes-children-s-cancer-endowment,Project for Awesome 2026 - Caroline Symmes Children‚Äôs Cancer Endowment,https://www.youtube.com/watch?v=yNw78EWpS7k
237,2026,Yoga and Sports for Refugees,https://projectforawesome.com/videos/yoga-and-sport-with-refugees-project-for-awesome-2026-nomination,Yoga and Sport with Refugees - Project for Awesome 2026 Nomination,https://www.youtube.com/watch?v=N9eGhxCiNUI
238,2026,Painted Dog Conservation,https://projectforawesome.com/videos/painted-dog-conservation-2026-p4-a-1,Painted Dog Conservation 2026 P4A 1,https://www.youtube.com/watch?v=P-yy5NEoorY
239,2026,Rainbow Trust Children's Charity,https://projectforawesome.com/videos/project-for-awesome-2026-rainbow-trust-children-s-charity,Project For Awesome 2026 | Rainbow Trust Children's Charity,https://www.youtube.com/watch?v=7m-E9PWHpyQ
240,2026,Veganuary,https://projectforawesome.com/videos/project-for-awesome-2026-veganuary-pass-the-broccoli,"Project for Awesome 2026: Veganuary, pass the broccoli ü•¶",https://www.youtube.com/watch?v=IzLmbYO3reE
241,2026,Ocean Rescue Alliance International,https://projectforawesome.com/videos/help-save-coral-reefs-vote-orai-for-project-for-awesome,Help Save Coral Reefs ‚Äî Vote ORAI for Project for Awesome,https://www.youtube.com/watch?v=RU5mfZ9KwuI
242,2026,Treatment Action Group,https://projectforawesome.com/videos/project-for-awesome-2026-treatment-action-group,Project For Awesome 2026: Treatment Action Group,https://www.youtube.com/watch?v=Jifg4BD7hG8
243,2026,Stichting Matchis,https://projectforawesome.com/videos/project-for-awesome-2026-stichting-matchis,Project for Awesome 2026 - Stichting Matchis,https://www.youtube.com/watch?v=2XBRvCf_LH4
244,2026,New Roots Institute,https://projectforawesome.com/videos/project-for-awesome-2026-2,Project For Awesome 2026,https://www.youtube.com/watch?v=WiJ21_bx9PM
245,2026,Friends of Lackota Animal Sanctuary,https://projectforawesome.com/videos/horse-slaughter-didn-t-end-it-just-moved,Horse Slaughter Didn‚Äôt End. It Just Moved.,https://www.youtube.com/watch?v=7SWcWQgCQao
246,2026,VEAP,https://projectforawesome.com/videos/p4-a-veap-food-pantry-delivering-groceries-to-neighbors-sheltering-from-ice,P4A VEAP - food pantry delivering groceries to neighbors sheltering from ICE,https://www.youtube.com/watch?v=qqrhf-ZoBTg
247,2026,"Renesting Project, Inc.",https://projectforawesome.com/videos/vote-for-renesting-for-project-for-awesome-2026,Vote for Renesting for Project for Awesome 2026!,https://www.youtube.com/watch?v=Oh26KaeaPj0
248,2026,SOSA,https://projectforawesome.com/videos/sosa-s-project-for-awesome-2026-application,SOSA's Project for Awesome 2026 Application!,https://www.youtube.com/watch?v=0x3ZCjTZU_k
249,2026,This Star Won't Go Out,https://projectforawesome.com/videos/p4-a-2026-this-star-won-t-go-out,P4A 2026: üåüThis Star Won't Go Outüåü,https://www.youtube.com/watch?v=rjAoNGirNLk
250,2026,Feeding Our Communities Partners,https://projectforawesome.com/videos/focp-project-for-awesome-2026,FOCP Project For Awesome 2026,https://www.youtube.com/watch?v=Tz8oUHleMsM
251,2026,Legacy Youth Leadership,https://projectforawesome.com/videos/project-for-awesome-2026-legacy-youth-leadership,Project For Awesome 2026 - Legacy Youth Leadership,https://www.youtube.com/watch?v=RGGshVDQXJE
252,2026,American Indian Education Fund,https://projectforawesome.com/videos/project-for-awesome-2026-american-indian-education-fund,Project for Awesome 2026 - American Indian Education Fund,https://www.youtube.com/watch?v=bxPs5MsRRDU
253,2026,Veganuary,https://projectforawesome.com/videos/remember-to-vote-for-veganuary-at-project-for-awesome-2026,Remember to vote for Veganuary at Project for Awesome 2026!,https://www.youtube.com/watch?v=TfsGI13SJ4c
254,2026,Geeks OUT,https://projectforawesome.com/videos/geeks-out-project-for-awesome-2026,Geeks OUT - Project for Awesome 2026,https://www.youtube.com/watch?v=JZ9UHfvVanw
255,2026,Habibi.Works,https://projectforawesome.com/videos/why-you-should-vote-for-habibi-works-for-project-for-awesome-2026,Why you should vote for Habibi.Works for Project for Awesome 2026!,https://www.youtube.com/watch?v=s1xMAsztrPw
256,2026,Adopt a Storm Drain,https://projectforawesome.com/videos/project-for-awesome-2026-adopt-a-drain-p4-a-2026,Project For Awesome 2026 - Adopt a Drain - P4A 2026,https://www.youtube.com/watch?v=W5Hsm7-F7tI
257,2026,Union of Concerned Scientists,https://projectforawesome.com/videos/science-is-under-attack-what-do-we-do,"Science is under attack, what do we do?",https://www.youtube.com/watch?v=YVvdSbLAIFE
258,2026,Pink Ribbon Good,https://projectforawesome.com/videos/the-story-of-pink-ribbon-good-project-for-awesome-2026-2,The Story of Pink Ribbon Good | Project for Awesome 2026,https://www.youtube.com/watch?v=jiKGFjKNvVo
259,2026,Habibi.Works,https://projectforawesome.com/videos/the-freeshop-trip-habibi-works-submission-for-project-for-awesome-2026,the freeshop trip - Habibi.Works submission for project for awesome 2026,https://www.youtube.com/watch?v=evjVxKSkyvQ
260,2026,Paws and Claws Wildlife Rehabilitation,https://projectforawesome.com/videos/p4-a-2026-paws-and-claws-wildlife-rehab,P4A 2026: Paws and Claws Wildlife rehab,https://www.youtube.com/watch?v=quDYOs63pTE
261,2026,Ethical Society of St. Louis,https://projectforawesome.com/videos/project-for-awesome-video-a-place-to-belong,Project for Awesome Video: A Place to Belong,https://www.youtube.com/watch?v=vQsFzgxd1uc
262,2026,Art South,https://projectforawesome.com/videos/art-south-p4-a-2,ArtSouth P4A,https://www.youtube.com/watch?v=QaOOko_4SOY
263,2026,National Immigration Law Center,https://projectforawesome.com/videos/project-for-awesome-immigration-awareness,Project for Awesome Immigration awareness,https://www.youtube.com/watch?v=uaw0Z-pG46U
264,2026,selfm-aid,https://projectforawesome.com/videos/project-for-awesome-2026-selfm-aid-our-purpose-and-mission,Project for Awesome 2026 - selfm.aid: Our Purpose and Mission,https://www.youtube.com/watch?v=GCMpg3IPniE
265,2026,PKD Foundation of Canada,https://projectforawesome.com/videos/pkd-the-most-common-kidney-disease-you-ve-probably-never-heard-of-project-for-awesome-2026,PKD: The most common kidney disease you‚Äôve probably never heard of | Project for Awesome 2026,https://www.youtube.com/watch?v=cjYFtLDGRI0
266,2026,NephCure Kidney International,https://projectforawesome.com/videos/project-for-awesome-2026-neph-cure,Project For Awesome 2026: NephCure!,https://www.youtube.com/watch?v=cvzjc0DaJYg
267,2026,The Young Women's Movement,https://projectforawesome.com/videos/the-young-women-s-movement-project-for-awesome-2026,The Young Women's Movement | Project for Awesome 2026,https://www.youtube.com/watch?v=1MNXERyZQAc
268,2026,Camp Lilac,https://projectforawesome.com/videos/in-memoriam-bubbie-on-camp-lilac-project-for-awesome-2026,In Memoriam: Bubbie on Camp Lilac (Project for Awesome 2026),https://www.youtube.com/watch?v=bsVBwh96hjw
269,2026,Trans Up Front IL,https://projectforawesome.com/videos/project-for-awesome-2026-trans-up-front-il,Project For Awesome 2026 - Trans Up Front IL,https://www.youtube.com/watch?v=s8ZlYKk1ExI
270,2026,Habibi.Works,https://projectforawesome.com/videos/habibi-works-makes-noise-submission-for-project-for-awesome-2026,Habibi.Works makes noise! - Submission for Project for Awesome 2026,https://www.youtube.com/watch?v=tpG7nCnt4Ow
271,2026,Autism Science Foundation,https://projectforawesome.com/videos/project-4-awesome-2025-autism-science-foundation,Project 4 Awesome 2025 - Autism Science Foundation,https://www.youtube.com/watch?v=G5ILAmL_UNY
272,2026,Orange County Bird of Prey Center,https://projectforawesome.com/videos/vote-for-oc-bird-of-prey-center-for-project-for-awesome-2026,Vote for OC Bird of Prey Center for Project For Awesome 2026!,https://www.youtube.com/watch?v=4EQN2V3Q3kE
273,2026,Global Coral Reef Alliance,https://projectforawesome.com/videos/p4-a-2026-global-coral-reef-alliance,P4A 2026: Global Coral Reef Alliance,https://www.youtube.com/watch?v=p_Gp9dz3AHs
274,2026,Girl Rising,https://projectforawesome.com/videos/girl-rising-project-for-awesome-2026-2,Girl Rising: Project for Awesome 2026,https://www.youtube.com/watch?v=oM-OnNYholY
275,2026,selfm-aid,https://projectforawesome.com/videos/project-for-awesome-2026-selfm-aid-meet-the-volunteers-of-selfm-aid,Project for Awesome 2026: selfm.aid - Meet the Volunteers of selfm.aid,https://www.youtube.com/watch?v=T5u8bpQzeDw
276,2026,Camp Fire North Shore,https://projectforawesome.com/videos/project-for-awesome-2026-camp-fire-north-shore,Project for Awesome 2026 - Camp Fire North Shore,https://www.youtube.com/watch?v=x24EblWrkV0
277,2026,Samos Volunteers,https://projectforawesome.com/videos/samos-volunteers-project-for-awesome-2026,Samos Volunteers - Project For Awesome 2026,https://www.youtube.com/watch?v=ymCYAYD9iZE
278,2026,The STIM Project,https://projectforawesome.com/videos/project-for-awesome-2026-the-out-foundation,Project for Awesome 2026 ~ The OUT Foundation,https://www.youtube.com/watch?v=bOJfbTkxCKI
279,2026,Doctors Without Borders,https://projectforawesome.com/videos/doctors-without-borders-for-p4-a-2026,Doctors Without Borders for P4A 2026,https://www.youtube.com/watch?v=LB5USFKJxrc
280,2026,cancer research institute,https://projectforawesome.com/videos/project-for-awesome-2026-cancer-research-institute-video,Project for Awesome 2026 Cancer Research Institute Video,https://www.youtube.com/watch?v=kxqfGablltw
281,2026,GiveInternet.org,https://projectforawesome.com/videos/potential-doesn-t-matter-without-internet-access-project-for-awesome-2026,Potential Doesn‚Äôt Matter Without Internet Access | Project for Awesome 2026,https://www.youtube.com/watch?v=p1euR3Y-fm8
282,2026,selfm-aid,https://projectforawesome.com/videos/this-video-nominates-selfm-aid-for-the-project-for-awesome-2026-campaign,This video nominates Selfm-aid for the Project for Awesome 2026 campaign,https://www.youtube.com/watch?v=xZ_xhUYfGao
283,2026,Habibi.Works,https://projectforawesome.com/videos/habibi-works-5-reasons-to-join-the-project-project-for-awesome-2026,Habibi.Works - 5 reasons to join the project ! - Project For Awesome 2026,https://www.youtube.com/watch?v=7Bfk151pZOE
284,2026,"Phoenix No Limits Karate, Inc",https://projectforawesome.com/videos/phoenix-no-limits-project-for-awesome,Phoenix No Limits Project for Awesome!,https://www.youtube.com/watch?v=Bpif1XrSXZc
285,2026,Tree Kangaroo Conservation Program,https://projectforawesome.com/videos/tree-kangaroo-conservation-program-p4-a-2026,Tree Kangaroo Conservation Program  P4A 2026,https://www.youtube.com/watch?v=yG0-jkC1v30
286,2026,"Milton Marks Neuro-Oncology Family Camp, a project of Community Initiatives",https://projectforawesome.com/videos/milton-marks-neuro-oncology-family-camp-project-for-awesome-2026,Milton Marks Neuro-Oncology Family Camp Project for Awesome 2026!,https://www.youtube.com/watch?v=VdnihL7343o
287,2026,HELP Foundation,https://projectforawesome.com/videos/project-for-awesome-help-foundation,Project for Awesome - Help Foundation,https://www.youtube.com/watch?v=Jno7vrBos3I
288,2026,Stephanie Nicole Parze Foundation,https://projectforawesome.com/videos/project-for-awesome-2026-stephanie-nicole-parze-foundation,Project for Awesome 2026 - Stephanie Nicole Parze Foundation,https://www.youtube.com/watch?v=j9rH5i7lJKc
289,2026,Liberty in North Korea,https://projectforawesome.com/videos/p4-a-2026-vote-for-liberty-in-north-korea,P4A 2026: Vote for Liberty in North Korea!,https://www.youtube.com/watch?v=HDiqimh07HY
290,2026,Habibi.Works,https://projectforawesome.com/videos/project-for-awesome-2026-10-years-camp-katsikas,Project for Awesome 2026 - 10 years Camp Katsikas,https://www.youtube.com/watch?v=u5lfN3F347U
291,2026,Machine Intelligence Research Institute,https://projectforawesome.com/videos/p4-a-2026-machine-intelligence-research-institute-project-for-awesome-2026,P4A 2026 - Machine Intelligence Research Institute - Project for Awesome 2026,https://www.youtube.com/watch?v=rkRZ_kpdskE
292,2026,Time Out Youth,https://projectforawesome.com/videos/project-for-awesome-2026-time-out-youth,Project for Awesome 2026: Time Out Youth,https://www.youtube.com/watch?v=OfKmzS1QjYA
293,2026,Girl Rising,https://projectforawesome.com/videos/girl-rising-project-for-awesome,Girl Rising Project For Awesome ,https://www.youtube.com/watch?v=hIlyaHseOAI
294,2026,The Midas Project,https://projectforawesome.com/videos/project-for-awesome-2026-the-midas-project,Project For Awesome 2026: The Midas Project,https://www.youtube.com/watch?v=QoY6tFtgmVY
295,2026,Everytown for Gun Safety,https://projectforawesome.com/videos/project-for-awesome-submissions-hala,Project for awesome submissions HALA ,https://www.youtube.com/watch?v=La6mxK0D44E
296,2026,826NYC,https://projectforawesome.com/videos/project-4-awesome-2026-write-the-future-with-826-nyc,Project 4 Awesome 2026: Write the Future with 826NYC,https://www.youtube.com/watch?v=b7fYpTJU7zg
297,2026,Raven's Journey,https://projectforawesome.com/videos/ravens-journey-pfa-2026,Raven Journey Project for Awesome 2026,https://www.youtube.com/watch?v=Kj4Ws82MrL0
298,2026,Girl Rising,https://projectforawesome.com/videos/tammy-s-2026-project-for-awesome-ask-vote-for-girl-rising,Tammy's 2026 Project for Awesome Ask: Vote for Girl Rising!,https://www.youtube.com/watch?v=GLoV_LmYxNM
299,2026,Palestine Children's Relief Fund,https://projectforawesome.com/videos/project-for-awesome-2026-charity-nomination-the-palestine-children-s-relief-fund,Project For Awesome 2026 Charity Nomination! The Palestine Children's Relief Fund,https://www.youtube.com/watch?v=ptParUK2xvg
300,2026,Thirst Project,https://projectforawesome.com/videos/p4-a-2026,P4A 2026,https://www.youtube.com/watch?v=wNE7YL4X_-A
301,2026,Hear Your Song,https://projectforawesome.com/videos/hear-your-song-project-for-awesome-2026,Hear Your Song ‚Äî¬†Project for Awesome 2026,https://www.youtube.com/watch?v=71vbTBtHov8
302,2026,Legacy Youth Leadership,https://projectforawesome.com/videos/project-for-awesome-2026-legacy-youth-leadership-3,Project for Awesome 2026 - Legacy Youth Leadership!,https://www.youtube.com/watch?v=Kh-r1b_W3xU
303,2026,Girl Rising,https://projectforawesome.com/videos/why-support-girl-rising-project-for-awesome-2026,Why support Girl Rising | Project for Awesome 2026,https://www.youtube.com/watch?v=bDsOd_pZNs4
304,2026,Animal Wonders,https://projectforawesome.com/videos/animal-wonders-project-for-awesome-2026,Animal Wonders: Project for Awesome 2026,https://www.youtube.com/watch?v=n1VMOKKd9i0
305,2026,Electric Love,https://projectforawesome.com/videos/p4-a-2026-electric-love,P4A 2026: Electric Love,https://www.youtube.com/watch?v=wav8YcVWR_Y
306,2026,Lunch Break,https://projectforawesome.com/videos/lunch-break-monmouth-county-project-for-awesome-2026,Lunch Break Monmouth County | Project For Awesome 2026,https://www.youtube.com/watch?v=cEZre-mwFh4
307,2026,Summit Assistance Dogs,https://projectforawesome.com/videos/summit-assistance-dogs-and-project-for-awesome-2026,Summit Assistance Dogs & Project for Awesome 2026!,https://www.youtube.com/watch?v=EeZMcmz-ngM
308,2026,Project Purple,https://projectforawesome.com/videos/rossetti-brothers-pickleball-project-for-awesome-2026,Rossetti Brothers Pickleball Project for Awesome 2026,https://www.youtube.com/watch?v=ILdzPYklz4E
309,2026,Prison Book Program,https://projectforawesome.com/videos/keeley-project-for-awesome-2026-prison-book-program,Keeley - Project for Awesome 2026 Prison Book Program,https://www.youtube.com/watch?v=EtwuKasK2ps
310,2026,Underdog Animal Rescue and Rehab,https://projectforawesome.com/videos/underdog-project4-awesome-2026-submission,Underdog Project4Awesome 2026 Submission,https://www.youtube.com/watch?v=_yka0do91hk
311,2026,Do It Yourself Darlin,https://projectforawesome.com/videos/p4-a-2026-submission-do-it-yourself-darlin,P4A 2026 Submission - Do It Yourself Darlin,https://www.youtube.com/watch?v=3P6tmKO0_I0
312,2026,Interface Children & Family Services,https://projectforawesome.com/videos/project-for-awesome-2026-interface-children-and-family-services,Project for Awesome 2026 | Interface Children & Family Services,https://www.youtube.com/watch?v=VEx9IQrtLw8
313,2026,FoodWhat?!,https://projectforawesome.com/videos/food-what-p4-a-2026,FoodWhat P4A 2026,https://www.youtube.com/watch?v=jReeEwUppSQ
314,2026,Spiro,https://projectforawesome.com/videos/vote-for-tb-charity-spiro-for-project-for-awesome-2026,Vote for TB Charity Spiro for Project for Awesome 2026,https://www.youtube.com/watch?v=aZGbaeaEnxo
315,2026,Bail Project,https://projectforawesome.com/videos/the-bail-project-project-for-awesome-2026,The Bail Project | Project for Awesome 2026,https://www.youtube.com/watch?v=_B_YgBZvZU0
