Year,Charity,User,Title,url,views
2024,3 Bluebirds Farm,Erin O'Loughlin,P4AVideo WithLogo,https://www.youtube.com/watch?v=iTsoN-8LXho,62
2024,A Cat's Life Rescue,A Cat's Life Rescue,A Cat's Life Rescue - Project 4 Awesome 2024,https://www.youtube.com/watch?v=ed1vwT4go7A,738
2024,A Moment of Magic Foundation,A Moment of Magic Visits,A Moment of Magic Foundation | Project for Awessome 2024,https://www.youtube.com/watch?v=CyD3j_EEE3o,67
2024,Against Malaria Foundation,Simu,Against Malaria Foundation - Project4Awesome 2024,https://www.youtube.com/watch?v=mvnIwpWb0WM,81
2024,Against Malaria Foundation,Effective Altruism Barcelona,Project For Awesome 2024: The Against Malaria Foundation recommended by Pablo,https://www.youtube.com/watch?v=OJgbH_C0i2o,81
2024,Against Malaria Foundation,Kian Mintz-Woo,Against Malaria Foundation - Project for Awesome 2024,https://www.youtube.com/watch?v=E8gQJ4VZNRg,49
2024,Against Malaria Foundation,jonathan courtney,Project for Awesome 2024: Against Malaria Foundation,https://www.youtube.com/watch?v=QzRl_rpso7A,349
2024,Against Malaria Foundation,Sarmad Nasarullah,P4A 2024 - Against Malaria Foundation,https://www.youtube.com/watch?v=S-IyO8oiqgE,30
2024,All Out,saramartins95,All Out - Project For Awesome 2024 #p4a,https://www.youtube.com/watch?v=PRS55uWjVbQ,52
2024,Alliance for Building Communities,abc africa,Alliance for Building Communities (P4A),https://www.youtube.com/watch?v=t_3YZI_JWW4,159
2024,Amnesty International,Amanda Webb,P4A 2024: Ms. Webb's Class- Amnesty International,https://www.youtube.com/watch?v=0tgZIrlm_J0,0
2024,Animal Equality,Animal Equality,Help Animals during Project for Awesome 2024 | Vote for ANIMAL EQUALITY,https://www.youtube.com/watch?v=nIl_8c-AMIc,406
2024,Animal Wonders,Animal Wonders Montana,Animal Wonders: Project for Awesome 2024,https://www.youtube.com/watch?v=oCv4uVmQf48,3682
2024,Aquatic Life Institute,Aquatic Life Institute,2024 Project for Awesome - Aquatic Life Institute,https://www.youtube.com/watch?v=BUS-bDNVsqQ,123
2024,Archaeology in the Community,Archaeology in the Community,Archaeology in the Community Project for Awesome,https://www.youtube.com/watch?v=3rA3dwHfBfE,166
2024,Asian Americans United,Katrina Eames,Asian Americans United | Project for Awesome 2024,https://www.youtube.com/watch?v=1XyarbTw4KQ,151
2024,ASISTA Immigration Assistance,ASISTA,ASISTA Immigration Assistance - Project for Awesome 2024,https://www.youtube.com/watch?v=1IBvXiAOzL0,166
2024,Associa√ß√£o Aux√≠lio e Amizade (Aid & Friendship Association),N√©lio Candel√°ria,P4A 2024 - Associa√ß√£o Aux√≠lio e Amizade (Aid and Friendship Association) - Project for Awesome 2024,https://www.youtube.com/watch?v=BGKGhATZKrY,413
2024,Astor Services,camila segura,"PROJECT FOR AWESOME, MENTAL HEALTH",https://www.youtube.com/watch?v=d_KlSZnpd9U,0
2024,Audre Lorde Project,ItsRadishTime,Audre Lorde Project - P4A 2024,https://www.youtube.com/watch?v=Wiy__ZHkIP8,1054
2024,Bail Project,melodysmash,The Bail Project | Project for Awesome 2024,https://www.youtube.com/watch?v=1a7bfZ547JI,117
2024,Be The Change Youth Initiative,Be The Change Youth Initiative,Be The Change Youth Initiative's 2024 Project For Awesome Submission,https://www.youtube.com/watch?v=Wc162dU1-QA,78
2024,Beyond Blue,Roman Penna,Beyond Blue Project for Awesome,https://www.youtube.com/watch?v=amJw8lkHST4,68
2024,Cage to Couch,Cage to Couch,Project for Awesome 2024 video entry,https://www.youtube.com/watch?v=8re5B1NsIeA,199
2024,Cake4Kids,Alyssa Johanson,Cake4Kids in Project for Awesome 2024,https://www.youtube.com/watch?v=wJfACYcLMXc,1047
2024,California Native Garden Foundation,blabberbelle,California Native Garden Foundation Project For Awesome,https://www.youtube.com/watch?v=AhVrqpjaJl0,678
2024,Calling All Crows,Calling All Crows,Calling All Crows - Project for Awesome,https://www.youtube.com/watch?v=-UnKpjViO3s,119
2024,Camp Lilac,Camp Lilac,Camp Lilac - Project For Awesome 2024,https://www.youtube.com/watch?v=vgWyP1y11L8,488
2024,Camp Lilac,Camp Lilac,Camp Lilac - Project For Awesome 2024 (Staff Spotlight),https://www.youtube.com/watch?v=fu5OKfDWJEY,138
2024,Campaign Against Living Miserably,Campaign Against Living Miserably,Project For Awesome | Campaign Against Living Miserably,https://www.youtube.com/watch?v=A_Wut1BfwKs,702
2024,Campaign Against Living Miserably,Diabetus,my story.|' [short film] - Campaign Against Living Miserably | Project For Awesome 2024,https://www.youtube.com/watch?v=v2nEIfBhEOs,560
2024,Campaign Against Living Miserably,Badlinu,Vote for Campaign Against Living Miserably (CALM) at Project For Awesome 2024,https://www.youtube.com/watch?v=GfiDjZe7TLM,326
2024,"Carabiner Collections, Inc.",Carabiner Collections,Carabiner Collections LGBTQIA+ Library | Project For Awesome 2024,https://www.youtube.com/watch?v=oWali3WFZ_o,1055
2024,Carolina Manga Library,METROCON,Carolina Manga Library- Project for Awesome,https://www.youtube.com/watch?v=o7aBDjB-CXg,178
2024,Carymoor Environmental Trust,Carymoor Environmental Trust,Carymoor Project for Awesome 2024!,https://www.youtube.com/watch?v=l7hIKQQiuwE,286
2024,CASA Project Worcester County,CASA Project Worcester County,Project for Awesome 2024 | CASA Project Worcester County,https://www.youtube.com/watch?v=fEu_wZyiQ7A,133
2024,Catholic Migration Services,doll,Project for Awesome 2024 Catholic Migration Services,https://www.youtube.com/watch?v=-8bKwqCNK2w,61
2024,Center for Constitutional Rights,Amanda Webb,P4A 2024: Ms. Webb's Class- Center for Constitutional Rights,https://www.youtube.com/watch?v=d-lenICPICU,0
2024,Charity Elections,Greg Gianopoulos,Project for Awesome 2024: Charity Elections,https://www.youtube.com/watch?v=dg4Y_DvMAno,45
2024,Children's Future International,Children's Future,Sreysor's story - Project For Awesome 2024,https://www.youtube.com/watch?v=AW7IGoqdU5o,586
2024,Clean Oceans Action,Enimation,Save the Beaches with Clean Oceans Action - Project4Awesome,https://www.youtube.com/watch?v=RqZOAVkeUiw,151
2024,CoachBright Charitable Trust,LA Naylor,Project4Awesome 2024,https://www.youtube.com/watch?v=sHmrc__VXo4,31
2024,Conservation International,Jadielyn Chen,Project For Awesome: Conservation International,https://www.youtube.com/watch?v=bxbm2CK84iM,220
2024,Creative Commons,Rowan McCarthy,"Creative Commons, Explained",https://www.youtube.com/watch?v=_zgZ0g8EbF4,439
2024,Cure Alzheimer's Fund,Kate Grand,2024 Cure Alzheimer's Fund Project For Awesome,https://www.youtube.com/watch?v=RFmWrCJL4b8,67
2024,Denver Public Library Friends Foundation,Jenny Kiley,Project For Awesome 2024 - Denver Public Library Friends Foundation,https://www.youtube.com/watch?v=Z6T3OGsjlgo,64
2024,dewindroos,hugo gieles,De windroos Project for Awesome 2024,https://www.youtube.com/watch?v=e63XKI5qylA,56
2024,Disability Policy Consortium,Disability Policy Consortium DPC,Disability Policy Consortium's Project for Awesome 2024 Video Submission,https://www.youtube.com/watch?v=_CXA7C8LJhg,109
2024,Disabled Children's Fund,Amanda Webb,P4A 2024: Ms. Webb's Class- Disabled Children's Fund,https://www.youtube.com/watch?v=Z1yMU5wNFgs,0
2024,Drag Story Hour,Drag Story Hour,Project for Awesome 2024 - Drag Story Hour,https://www.youtube.com/watch?v=L-ebosZ0qM8,622
2024,Earthjustice,zentouro,They‚Äôve been trying to ban this pesticide for 30 years | P4A 2024 | @EarthjusticeOrg,https://www.youtube.com/watch?v=QNtJsOliGUQ,2787
2024,Ecology Project International,Ecology Project International,Cassy for EPI during Project for Awesome!,https://www.youtube.com/watch?v=r4EF0ueLdDE,134
2024,Ecology Project International,Ecology Project International,Ana Beatriz for EPI during Project for Awesome!,https://www.youtube.com/watch?v=-nCG93cRZxU,82
2024,Ecology Project International,Ecology Project International,Allen for EPI during Project for Awesome!,https://www.youtube.com/watch?v=2LMiEJ9Dd8c,49
2024,Ecology Project International,Ecology Project International,Britany for EPI during Project for Awesome!,https://www.youtube.com/watch?v=33NxO5VHN_4,47
2024,Ecology Project International,Ecology Project International,We're EPI Board Members...,https://www.youtube.com/watch?v=63_rFZ70lhc,116
2024,Ecology Project International,Ecology Project International,√Ålvaro for EPI during Project for Awesome!,https://www.youtube.com/watch?v=7kj1o2DypB8,36
2024,Ecology Project International,Ecology Project International,Allison for EPI during Project for Awesome!,https://www.youtube.com/watch?v=MmkSLypARrE,93
2024,Ecology Project International,Ecology Project International,Dayana for EPI during Project for Awesome!,https://www.youtube.com/watch?v=WutYUpz39Ks,36
2024,Ecology Project International,Ecology Project International,Ceara for EPI during Project for Awesome!,https://www.youtube.com/watch?v=Gi8_Rsbznms,33
2024,Ecology Project International,Ecology Project International,Esmeralda for EPI during Project for Awesome!,https://www.youtube.com/watch?v=BZAazqvlFMI,46
2024,Ecology Project International,Ecology Project International,Vote for EPI or Don't Vote for EPI?,https://www.youtube.com/watch?v=5SqAYPStLhU,89
2024,Ecology Project International,Ecology Project International,Jakob for EPI during Project for Awesome!,https://www.youtube.com/watch?v=LtCwTetGKos,41
2024,Ecology Project International,Ecology Project International,Jeilyn for EPI during Project for Awesome!,https://www.youtube.com/watch?v=-9Z3ZyXaCBY,32
2024,Ecology Project International,Ecology Project International,Jes√∫s for EPI during Project for Awesome!,https://www.youtube.com/watch?v=zvToC17PoBU,34
2024,Ecology Project International,Ecology Project International,Keiani for EPI during Project for Awesome!,https://www.youtube.com/watch?v=IxnQgBplG0g,98
2024,Ecology Project International,Ecology Project International,Libby for EPI during Project for Awesome!,https://www.youtube.com/watch?v=yz7zMHFI7G4,35
2024,Ecology Project International,Ecology Project International,Logan for EPI during Project for Awesome!,https://www.youtube.com/watch?v=FiB6ekMJKOc,79
2024,Ecology Project International,Ecology Project International,Mason for EPI during Project for Awesome!,https://www.youtube.com/watch?v=deY9gw8T0io,64
2024,Ecology Project International,Ecology Project International,Oscar for EPI during Project for Awesome!,https://www.youtube.com/watch?v=ieQ8IQZRMGc,37
2024,Effective Thesis,Effective Thesis,Effective Thesis - Project For Awesome,https://www.youtube.com/watch?v=mkydFnT_d90,47
2024,Emory Farmworker Project,Emi Grill,Emory Farmworker Project - Project for Awesome 2024,https://www.youtube.com/watch?v=956QkzS78fA,348
2024,Empower Tennessee,Empower Tennessee,Project for Awesome P4A 2024: Empowering People with Disabilities,https://www.youtube.com/watch?v=a5yKRA-KwU0,154
2024,Encouraging Women Across All Borders,Encouraging Women Across All Borders (EWAAB),Encouraging Women Across All Borders - Project for Awesome 2024,https://www.youtube.com/watch?v=O9aGsJgmRzs,54
2024,Encouraging Women Across All Borders,Kaitlin Gili,EWAAB for Project Awesome,https://www.youtube.com/watch?v=_0HnfQOjJPY,30
2024,Ending Cancer in Our Generation,jakirch,ECIOG 2024 Project for Awesome (P4A) Submission,https://www.youtube.com/watch?v=NeGy-i8P-xA,42
2024,Equal Rights Beyond Borders,Equal Rights Beyond Borders,Project for Awesome 2024 - Equal Rights Beyond Borders,https://www.youtube.com/watch?v=JoY8zGpttJM,372
2024,Fandom Forward,Fandom Forward,Fandom Forward | Project For Awesome 2024!,https://www.youtube.com/watch?v=E-68HXKb15E,223
2024,Fandom Forward,with 6 pets and 7 boyfriends,supppoort fandom forward during p4a 2024,https://www.youtube.com/watch?v=rHf4qcZeQsI,106
2024,Fandom Forward,Jessica Rozycki,Project for Awesome 2024 // Fandom Forward,https://www.youtube.com/watch?v=TtevMSPrJBk,97
2024,Fandom Forward,Nina Schilkowsky,Project for Awesome 2024 - Fandom Forward,https://www.youtube.com/watch?v=oT23DobiESU,103
2024,Fish Welfare Initiative,Sarah Le,ChatGPT about farmed fishes and the Fish Welfare Initiative,https://www.youtube.com/watch?v=NhKseDzginY,59
2024,Fish Welfare Initiative,Lukas Jasiunas,Fish Welfare Initiative - Project for Awesome 2024,https://www.youtube.com/watch?v=7gK91NrVPsk,77
2024,Fish Welfare Initiative,Kevin Xia,Fish Welfare Initiative - Project for Awesome,https://www.youtube.com/watch?v=lgT3fnITCf0,57
2024,Fish Welfare Initiative,dlal,Fish Welfare Initiative - Project for Awesome 2024,https://www.youtube.com/watch?v=p6Z8TCV3Tx8,277
2024,Fish Welfare Initiative,Deb Subrata,Fish Welfare Initiative - Project For Awesome 2024,https://www.youtube.com/watch?v=ax_g_YrPZ90,113
2024,Foster Love,Kenna Moore,Project For Awesome: Foster Love,https://www.youtube.com/watch?v=ecUH57F6h60,121
2024,Freedom Readers,Freedom Readers,Freedom Readers 2024 Project For Awesome Submission,https://www.youtube.com/watch?v=Gv4iGXPogzU,156
2024,Fundaci√≥n Ni√±os de los Andes,Nico,Thank you Colombia! I Project for Awesome 2024,https://www.youtube.com/watch?v=OfcoDlj2kK8,83
2024,Fungi Foundation,blabberbelle,Fungi Foundation Project For Awesome,https://www.youtube.com/watch?v=0RNowrmGJ4M,189
2024,Future Economy Collective,Future Economy Collective,"Project for Awesome - Future Economy Collective in Blacksburg, Virginia",https://www.youtube.com/watch?v=eUDa9s7g7uc,782
2024,GeekGirlCon,GeekGirlCon,GeekGirlCon &amp; Project for Awesome 2024,https://www.youtube.com/watch?v=TBLdb2KV304,324
2024,Give Kids the World,Scho,P4A 2024: Give Kids the World,https://www.youtube.com/watch?v=Frtv2Jqphug,53
2024,GiveDirectly,angelbird7227,Project For Awesome: GiveDirectly,https://www.youtube.com/watch?v=qcikCzK8BqA,74
2024,GiveDirectly,Effective Altruism Barcelona,Project for Awesome 2024: Give Directly recommended by Anne,https://www.youtube.com/watch?v=Ky3D0VWBQwo,75
2024,GiveDirectly,Effective Altruism Barcelona,Project for Awesome 2024: Give Directly recommended by Mel,https://www.youtube.com/watch?v=D6bIiSbps4A,63
2024,GiveDirectly,jonathan courtney,Project for Awesome 2024: GiveDirectly,https://www.youtube.com/watch?v=32y2s3pHFiI,41
2024,GiveDirectly,Benjamin C,GiveDirectly - Project for Awesome 2024,https://www.youtube.com/watch?v=cKBYAKW3rKg,40
2024,Givewell,Fiona Gallagher,GiveWell: P4A 2024,https://www.youtube.com/watch?v=2t9PgJNB0WM,77
2024,Givewell,Effective Altruism Barcelona,Project for Awesome 2024: GiveWell recommended by Anthony,https://www.youtube.com/watch?v=bzuOk5LYfEI,78
2024,Givewell,Tetraspace,GiveWell - Project for Awesome 2024,https://www.youtube.com/watch?v=CNo5f-Om0dg,57
2024,Givewell,Simu,GiveWell - Project4Awesome 2024,https://www.youtube.com/watch?v=CXKa4ty9yQw,24
2024,Glassroots,Monroe Bungalow,Project for Awesome 2024 : Glassroots,https://www.youtube.com/watch?v=ih4405K61yY,75
2024,Global Vision 2020,Global Vision 2020,GV2020 Project4Awesome 2024,https://www.youtube.com/watch?v=UjBM9Kin75s,752
2024,Good Food Institute,Thomas M,Project For Awesome 2024: Good Food Institute,https://www.youtube.com/watch?v=0qC-i7qoDDM,134
2024,Good Food Institute,Rakefet Cohen Ben-Arye,Why I chose the Good Food Institute for Project for Awesome,https://www.youtube.com/watch?v=IQm5RIWmsMc,138
2024,Good Food Institute,Kevin Xia,Good Food Institute - Project for Awesome 2024,https://www.youtube.com/watch?v=J-tjj7F4Pc0,77
2024,Good Food Institute,Felix W.,You want cultivated meat? Vote for GFI! | Project for Awesome 2024,https://www.youtube.com/watch?v=jn73LwcMBHk,118
2024,Good Food Institute,Kian Mintz-Woo,Good Food Institute - Project for Awesome 2024,https://www.youtube.com/watch?v=fca4DQKeMjA,71
2024,Good Food Institute,Kevin Ulug,Project For Awesome 2024: Good Food Institute,https://www.youtube.com/watch?v=uFa5q94OIYk,73
2024,Good Food Institute,jonathan courtney,Project for Awesome 2024: Good Food Institute,https://www.youtube.com/watch?v=a0FhZvxAbb8,72
2024,Habibi.Works,WeaselArt,Habibi.Works ProjectforAwesome 2024,https://www.youtube.com/watch?v=bBEIiYXsKMU,617
2024,Habibi.Works,Ecopractices,Habibi.Works intercultural makerspace in Greece: Project For Awesome 2024,https://www.youtube.com/watch?v=LRk3_33eSHw,465
2024,Habibi.Works,Mimi Hapig,What Habibi.Works is all about - For Project 4 Awesome 2024,https://www.youtube.com/watch?v=0KwLmOCNq4I,293
2024,Habibi.Works,ola omar,Habibi.Works - Project for awesome2024,https://www.youtube.com/watch?v=V6-8484xJko,211
2024,Habibi.Works,Anabel S,A love letter for Habibi.Works - Project for Awesome 2024,https://www.youtube.com/watch?v=ElHbDbsVtkk,251
2024,Habibi.Works,Lia O Shea,"A video for Project For Awesome about Fatemah, the community cook in Habibi.Works",https://www.youtube.com/watch?v=eYuKFqkS0c4,330
2024,Habibi.Works,Lia O Shea,"A project I love: Habibi.Works, Project for Awesome 2024",https://www.youtube.com/watch?v=BammIZl0LkY,296
2024,Habibi.Works,Lia O Shea,"An organisation I love: Habibi.Works, Project For Awesome 2024 submission.",https://www.youtube.com/watch?v=V3sB5UP6EjY,312
2024,Habibi.Works,Mawiya Kennane,"Project For Awesome about Dawood, the supervisor of sewing area in Habibi.Works",https://www.youtube.com/watch?v=dYEqdLT2xrg,181
2024,Habibi.Works,Aurelie Bray,What does Habibi.Works mean to you? - A Project4awesome video submission,https://www.youtube.com/watch?v=fqffV7lPNNs,227
2024,Habibi.Works,Mawiya Kennane,Hajars story - Habibi.Works climbing coach  - Project4awesome submission,https://www.youtube.com/watch?v=qLlwZNf9UzU,127
2024,Habibi.Works,saad abouchadi,Habibi.Works P4A 2024,https://www.youtube.com/watch?v=GolbO_Sv-mA,213
2024,Habibi.Works,Mawiya Kennane,Habibi.Works Bike workshop - Project4awesome submission,https://www.youtube.com/watch?v=X8aGDLszttc,182
2024,Hear Your Song,Cooper Craven,Project for Awesome 2024 - Hear Your Song,https://www.youtube.com/watch?v=0Pnxxbq4D1s,171
2024,Hear Your Song,Diana Lawrence,Hear Your Song Project for Awesome 2024 (Diana Lawrence),https://www.youtube.com/watch?v=Ain8HTuAjNY,117
2024,Hear Your Song,hchuot,Project for Awesome 2024 Hear Your Song,https://www.youtube.com/watch?v=GzgTB1g__5k,160
2024,Hear Your Song,Rebecca Brudner,Project for Awesome 2024: Hear Your Song,https://www.youtube.com/watch?v=Nd1Emec_ejU,70
2024,Hear Your Song,Jake Gluckman,Project For Awesome 2024 ‚Äî Support Hear Your Song!,https://www.youtube.com/watch?v=7zEgNk9OVKg,60
2024,Hear Your Song,Piper,Project for Awesome 2024 - Hear Your Song,https://www.youtube.com/watch?v=HmIJFoS8g_A,90
2024,Hear Your Song,Jack Softcheck,Project 4 Awesome 2024 ‚Äî Support Hear Your Song,https://www.youtube.com/watch?v=VJtu8zBp2Fw,73
2024,Hear Your Song,Benjamin Lobley,Hear Your Song - 2024 Project for Awesome,https://www.youtube.com/watch?v=EKPMSDSnKek,97
2024,Hear Your Song,Dilara Portelli,Hear Your Song - Project for Awesome 2024,https://www.youtube.com/watch?v=zS86XblNleA,59
2024,Hear Your Song,SALV√â ANGELUZ,Project For Awesome 2024 | Hear Your Song,https://www.youtube.com/watch?v=XGgbdbyP1uY,103
2024,Hear Your Song,Dan Rubins,Hear Your Song ‚Äî¬†Project for Awesome 2024,https://www.youtube.com/watch?v=o-gQ1MfQh98,90
2024,Hear Your Song,Oliver Richman,Project for Awesome 2024 - Hear Your Song,https://www.youtube.com/watch?v=VOdqX6wAmdE,83
2024,Hear Your Song,Sof√≠a Campoamor,Hear Your Song P4A 2024,https://www.youtube.com/watch?v=1AJLSJtVVm8,63
2024,Hear Your Song,Hear Your Song Families,Project 4 Awesome 2024 ‚Äî Hear Your Song!,https://www.youtube.com/watch?v=_1pITj6KZ7o,138
2024,Heartstone Veganic Sanctuary,chickpeace,Heartstone Veganic Sanctuary - Project For Awesome 2024,https://www.youtube.com/watch?v=mUnSx_hdqtc,289
2024,Honeoye Falls-Mendon Rotary,Hanna Berga,P4A 2024 Honeoye Falls-Mendon Rotary,https://www.youtube.com/watch?v=MpyYnWsOeDk,80
2024,Hope Creates,Jeni Fehr,Hope Creates Project For Awesome 2024,https://www.youtube.com/watch?v=lN6go5nNNgs,191
2024,Hope Haven Theraputic Riding Center,Alexandra Richardson- Alexandra's Art Insanity,Project for Awesome 2024- Hope Haven Theraputic Riding Center,https://www.youtube.com/watch?v=iz6vf3UzFxw,59
2024,Instrument Shop,Instrument Shop,Project For Awesome - Youth Instrument Building,https://www.youtube.com/watch?v=QBWyAuTWk34,706
2024,International Campaign to Abolish Nuclear Weapons,Sarah Le,ChatGPT about ICAN and nuclear disarmement - Project for Awesome 2024,https://www.youtube.com/watch?v=EiZND6rSc5U,70
2024,International Campaign to Abolish Nuclear Weapons,ICAN France,ICAN France | Projet for Awesome 2024,https://www.youtube.com/watch?v=T8t4zeHUHL8,439
2024,International Campaign to Abolish Nuclear Weapons,Janina R,International Campaign to Abolish Nuclear Weapons for Project for Awesome 2024 - Nuclear Survivors,https://www.youtube.com/watch?v=ugc3W3WWC5k,76
2024,International Campaign to Abolish Nuclear Weapons,Felix W.,You want nuclear disarmement? Vote for ICAN! | Project for Awesome 2024,https://www.youtube.com/watch?v=oelwl_ji0PA,76
2024,International Campaign to Abolish Nuclear Weapons,nora anicker,Ruth for ICAN Project 4 Awesome_2024,https://www.youtube.com/watch?v=JY4hbJJmXcA,72
2024,International Campaign to Abolish Nuclear Weapons,Seba,P4A 2024 - ICAN - Boom boom boom (I want to ban all nukes),https://www.youtube.com/watch?v=cv4moQk-BJQ,409
2024,it gets better project,Ash and Teo Adventures,It Gets Better Project | Project For Awesome 2024 (P4A),https://www.youtube.com/watch?v=dDovZKWHywE,118
2024,it gets better project,Lavender Space,It Gets Better for Project Awesome!,https://www.youtube.com/watch?v=E7zRtSSCzK0,108
2024,Kick it for Cancer,Joseph Zenir,P4A 2024 Kick it for Cancer,https://www.youtube.com/watch?v=JMCNGKNq6mU,352
2024,Kids In Need of Defense,Sebastian Hurt,KIND - p4a,https://www.youtube.com/watch?v=ZCAXJMfSpVo,103
2024,"Laughing at My Nightmare, Inc.",LAMNightmare,"LAMN, Inc: P4A: Restoring Independence to The Disability Community",https://www.youtube.com/watch?v=zuBJC40DpU4,676
2024,Legacy Youth Leadership,TJ Eaglin,Project For Awesome 2024 - Legacy Youth Leadership,https://www.youtube.com/watch?v=YYdUW7_B-98,151
2024,Legacy Youth Leadership,Evan Wesley,Evan Wesley - Project for Awesome 2024 - Legacy,https://www.youtube.com/watch?v=Km-7Dz0u6hQ,54
2024,Legacy Youth Leadership,Haley Thompson,Legacy Youth Leadership x Project for Awesome 2024,https://www.youtube.com/watch?v=v2NR8RgLA0I,133
2024,Legacy Youth Leadership,Kristen de Guzman,Legacy P4A 2024,https://www.youtube.com/watch?v=FwzomNTIt0A,77
2024,Legacy Youth Leadership,RecommendCATION,Project for Awesome 2024 - Gracie - Legacy Youth Leadership,https://www.youtube.com/watch?v=v0ke_zE2VMw,114
2024,Legacy Youth Leadership,Angelo Lopez,Join me in supporting Legacy Youth Leadership!,https://www.youtube.com/watch?v=0gSTSepZIdA,27
2024,Legacy Youth Leadership,Maryam Z,P4A LEGACY - Maryam Z.,https://www.youtube.com/watch?v=CZydmx5Z0W4,45
2024,Legacy Youth Leadership,Maxwell Pen,LYL promo Project 4 Awesome,https://www.youtube.com/watch?v=unNz0clgQWM,52
2024,Legacy Youth Leadership,Matthew,Vote for Legacy Youth Leadership for P4A 2024!,https://www.youtube.com/watch?v=wuDuKaqp5Bk,41
2024,Legacy Youth Leadership,Kristen de Guzman,Legacy P4A Video,https://www.youtube.com/watch?v=eeyz4za1kxg,45
2024,Legacy Youth Leadership,Sarah Smeltzer,Project 4 Awesome - Sarah‚Äôs LYL Video!,https://www.youtube.com/watch?v=Dp5vri5BBkQ,92
2024,Legacy Youth Leadership,Lindsey Bristol,PROJECT FOR AWESOME - Lindsey Bristol Thompson,https://www.youtube.com/watch?v=uV4_bDUNUoA,25
2024,Legacy Youth Leadership,Abby Cota,Legacy Youth Leadership - Project for Awesome 2024,https://www.youtube.com/watch?v=3HW66CZvWGk,24
2024,Legacy Youth Leadership,1st Mentor Street,Project for Awesome | Supporting Legacy Youth Leadership,https://www.youtube.com/watch?v=GKQVChyQKXY,42
2024,Legacy Youth Leadership,Robin Hall,P4A: Legacy Youth Leadership,https://www.youtube.com/watch?v=zRqQghL0JIQ,30
2024,Legacy Youth Leadership,Amy Paffrath,Legacy Youth Leadership P4A,https://www.youtube.com/watch?v=DGzEIO5YrQo,32
2024,Limitless Horizons Ixil,Limitless Horizons Ixil,2024 Limitless Horizons Ixil P4A Submission,https://www.youtube.com/watch?v=pXmHcdBA0_w,1566
2024,Literacy KC,Literacy KC,Project 4 Awesome: Literacy KC,https://www.youtube.com/watch?v=83SE9D8vVPM,606
2024,Little Shelter Animal Rescue &amp; Adoption Center,Q,Project for awesome: little shelter animal rescue and adoption center,https://www.youtube.com/watch?v=hKuscOwgesw,52
2024,Love Does,Alexis Dahl,Something Awesome is Happening on the Internet Next Week | Project for Awesome 2024,https://www.youtube.com/watch?v=3_3eGvcB1WM,4883
2024,Lupus Foundation of America,Ashley Paskill,Project for Awesome 2024: Lupus Foundation of America,https://www.youtube.com/watch?v=P-nN1yeavo0,22
2024,MASS APPEAL INTERNATIONAL,ElectKarlaRomero,MASS APPEAL INTERNATIONAL TACKLES INFLATION AND POVERTY IN MASSACHUSETTS,https://www.youtube.com/watch?v=YMicIswV3MY,39
2024,Doctors Without Borders,TBFighter Tofu,Project For Awesome 2024 | M√©decins Sans Fronti√®res,https://www.youtube.com/watch?v=1v8KbOxOclY,568
2024,Mermaids UK,Flying Kiwi,Mermaids UK | Project for Awesome 2024,https://www.youtube.com/watch?v=MdBoj1ct9_E,1121
2024,Mid Willamette Trans Support Network,Autumn Acey,Mid Willamette Trans Support Network | Project for Awesome 2024,https://www.youtube.com/watch?v=rxky5XSNlyU,138
2024,MIRI,KillAzathoth,EA project awesome: support existential risk mitigation,https://www.youtube.com/watch?v=p7vtjrbbLkI,66
2024,Motion Picture and Television Fund,MPTF Studios,Project 4 Awesome - MPTF Food Drive,https://www.youtube.com/watch?v=Q0k7CCpuOGs,63
2024,My Bag My Story,My Bag My Story,My Bag My Story | Project for Awesome 2024,https://www.youtube.com/watch?v=AcUfdLss56I,195
2024,NAMI,Eye One Productions.,Project 4 Awesome-Mental Health,https://www.youtube.com/watch?v=i40k-P7xDF0,55
2024,NAMI,Guild of the Flying Tortoise,NAMI for Project for Awesome 2024,https://www.youtube.com/watch?v=iV3gfnGEEc4,94
2024,NephCure Kidney International,Sci Files,Project for Awesome 2024: NephCure Kidney International,https://www.youtube.com/watch?v=aBw_QXn2T54,147
2024,"New York State Network for Youth Success, Inc.",New York State Network for Youth Success,NYS Network for Youth Success - Project for Awesome,https://www.youtube.com/watch?v=IxXBuYHrxB8,98
2024,No Means No Worldwide,NoMeansNoWorldwide,NMNW Project for Awesome 2024,https://www.youtube.com/watch?v=bvfiWN57cAs,357
2024,Nuclear Age Peace Foundation,NuclearAgePeace,Nuclear Age Peace Foundation - Project for Awesome 2024,https://www.youtube.com/watch?v=LXPAlN7XsSc,115
2024,The Ocean Cleanup,Riffi the Camel,P4A 2024 Ocean Cleanup,https://www.youtube.com/watch?v=Dl0sUpnaI9E,165
2024,Ocean Conservancy,Amanda Webb,P4A 2024: Ms. Webb's Class- Ocean Conservancy,https://www.youtube.com/watch?v=aUWF9BdK0iE,0
2024,Ocean Rescue Alliance International,Ocean Rescue Alliance,Project for Awesome 2024 - ORAI (Ocean Rescue Alliance Intl.),https://www.youtube.com/watch?v=yHSpHVq6Wp0,196
2024,Open Medicine Foundation,EasilySaidAndDone,"Project for Awesome pitch for the Open Medicine Foundation, Long COVID and CFS Research",https://www.youtube.com/watch?v=HUrJ8LKJKf0,469
2024,Other People Fund,Other People Fund,Other People Fund - Project for Awesome 2024,https://www.youtube.com/watch?v=Xk9kAkh-RDY,629
2024,Out On The Shelf,Griffin Heaney,P4A 2024: Out On The Shelf,https://www.youtube.com/watch?v=UnWbmPbu21A,109
2024,Outright International,Outright International,Outright International and The Project for Awesome,https://www.youtube.com/watch?v=V7d5UK75V-o,79
2024,Painted Dog Conservation,Nerdfighter4dogs,Project For Awesome 2024 Painted Dog Conservation,https://www.youtube.com/watch?v=hFm9rT9Ts_k,98
2024,Pajama Program,NoveltyRose,"Pajama Program, Project for Awesome 2024",https://www.youtube.com/watch?v=lnuKuUiHRFE,462
2024,Palestinian American Community Center,firewordsparkler,Palestinian American Community Center | Project for Awesome 2024,https://www.youtube.com/watch?v=Y3b2pOxKVds,550
2024,Palestinian Youth Movement,Dani Phantom,Project for Awesome 2024: Palestinian Youth Movement,https://www.youtube.com/watch?v=QpqWpjWG0to,265
2024,Palestinian Center for Human Rights,Nerdfighters For Palestine,Palestinian Centre for Human Rights - P4A 2024,https://www.youtube.com/watch?v=_qkvt2D-5nE,515
2024,Pragathi Charitable Trust,rushi,P4A 2024 - Pragathi Charitable Trust,https://www.youtube.com/watch?v=KhEkVmjypdo,93
2024,Prison Book Program,What'sBehindTheSky,Prison Book Program - Project for Awesome 2024,https://www.youtube.com/watch?v=GMhcCXy-B1E,1364
2024,Prison Book Program,Alyssa Boutelle,Prison Book Program: Project for Awesome 2024,https://www.youtube.com/watch?v=6VItckEQGYw,258
2024,Prison Book Program,"Prison Book Program Quincy, MA",2024 P4A Prison Book Program,https://www.youtube.com/watch?v=bU8aTRd8mW4,378
2024,Prison Book Program,"Prison Book Program Quincy, MA",Prison Book Program Project for Awesome 2024,https://www.youtube.com/watch?v=ggmp4cXEZCk,170
2024,Project B.E.A.R.,Project BEAR,Project B.E.A.R. Project For Awesome 2024,https://www.youtube.com/watch?v=kdaBLot54r0,101
2024,ProVeg International,Karl In Sinks,Project for Awesome 2024 - ProVeg International,https://www.youtube.com/watch?v=c_hzpXmSXCM,0
2024,ProVeg International,AAP,Wildfires and our food - Project for Awesome 2024,https://www.youtube.com/watch?v=6etCL8AVGAk,179
2024,ProVeg International,Janina Kick,ProVeg International - Project for Awesome 2024,https://www.youtube.com/watch?v=j6lgqM2MqfI,128
2024,ProVeg International,Sarah Le,ChatGPT about ProVeg and the impact of food on our environment - Project for Awesome 2024,https://www.youtube.com/watch?v=OUtOsZfw__Y,113
2024,ProVeg International,Lukas Jasiunas,ProVeg International - Project for Awesome 2024,https://www.youtube.com/watch?v=UnTezlnQzk8,152
2024,ProVeg International,Felix W.,You want more plant-based meat alternatives? Vote for ProVeg! | Project for Awesome 2024,https://www.youtube.com/watch?v=VREqLGXwDls,177
2024,ProVeg International,Chris Popa,Project for Awesome 2024: Food System Change with ProVeg,https://www.youtube.com/watch?v=uzMLFuOEJD8,185
2024,Pumpkins Acres Rabbit Rescue,Misale568,Pumpkin's Acres Rabbit Rescue | Project for Awesome 2024,https://www.youtube.com/watch?v=oQDl_si1Fkw,140
2024,Quadball UK,Flying Kiwi Quadball,Vote for Quadball UK | Project For Awesome 2024,https://www.youtube.com/watch?v=NLRJH3IUkBE,84
2024,Quelili,Erwie Herb,Quelili P4A 2024,https://www.youtube.com/watch?v=PG7Akk5HF48,95
2024,Redwood Empire Food Bank,Splash _,Redwood Empire Food Bank P4A 2024,https://www.youtube.com/watch?v=doQPiv2U5W8,86
2024,ReFOCUS Media Labs,ReFOCUS Media Labs,ReFOCUS Media Labs- Project for Awesome,https://www.youtube.com/watch?v=gGj1GYFjEM0,456
2024,RiseBoro Community Partnership,RiseBoro Community Partnership,RiseBoro | Project for Awesome 2024,https://www.youtube.com/watch?v=V8QCm_T3iM0,308
2024,Roger Neilson House,ACPR Campaign,Roger Neilson House | Project for Awesome,https://www.youtube.com/watch?v=fYNFYngkt4A,280
2024,Save the Children,Skull Banks,Project for awesome,https://www.youtube.com/watch?v=wzmobo5yFww,40
2024,SEDS-Canada,SEDS-Canada,Project for Awesome 2024: To the Stars with SEDS-Canada,https://www.youtube.com/watch?v=AuIe7x-IPJ0,92
2024,Seed,bellasgonemissing,Project for Awesome 2024 - Seed,https://www.youtube.com/watch?v=zDCHuxBIq4A,103
2024,She's The First,Shes The First Saguaro,She's the First (Saguaro) Project for Awesomeness Video,https://www.youtube.com/watch?v=oTrP74CHQ_Q,100
2024,She's The First,Tammy Tibbetts,I'm a First | She's the First P4A 2024 Video,https://www.youtube.com/watch?v=q4nAXgTDO7c,106
2024,She's The First,Annika Renganathan,Annika Renganathan P4A for She's The First 2024,https://www.youtube.com/watch?v=ye9RaoGp_q4,66
2024,She's The First,Kate Kiama,"Getting girls educated, respected &amp; heard. (STF‚Äôs P4A 2024)",https://www.youtube.com/watch?v=1vEDEE2SKqI,81
2024,She's The First,Hannah Beechler,Project for Awesome 2024!,https://www.youtube.com/watch?v=WyJd3AUi-7U,159
2024,She's The First,She's the First,Power of Girls | Project for Awesome 2024,https://www.youtube.com/watch?v=dPQm8e4EDfg,99
2024,She's The First,Yabom Kamara,VOTE FOR SHE'S THE FIRST FOR PROJECT FOR AWESOME,https://www.youtube.com/watch?v=X0iCJCbNUxE,85
2024,She's The First,Sukeji Modi,project 4 Awesome!! #Note and donate now#make Girls smile #STF,https://www.youtube.com/watch?v=mHlkoo6vEB8,38
2024,She's The First,Anya Legarda,Why Support She‚Äôs the First | Project for Awesome 2024,https://www.youtube.com/watch?v=aDDCCMLKEEs,47
2024,She's The First,SarahAnne Nigra,Project for awesome/ She‚Äôs the first! #vote #shesthefirst,https://www.youtube.com/watch?v=P6gBzyK08Vk,39
2024,She's The First,Ceci Arriaza,Why you should vote for She's the First in Project 4 Awesome,https://www.youtube.com/watch?v=ibcgcO3NBTg,57
2024,She's The First,Niyathi Kolli,2024 Project for Awesome - She‚Äôs the First,https://www.youtube.com/watch?v=JLKPyzSI9DE,53
2024,She's The First,Ira Kulkarni,Sexual Reproductive Health Rights | Project for Awesome 2024 | Ira Kulkarni,https://www.youtube.com/watch?v=6L1YtO6_7zQ,60
2024,She's The First,Rachel Zhai,War Affects Girls‚Äô Education | Project For Awesome 2024,https://www.youtube.com/watch?v=PDktLdJXZVU,46
2024,She's The First,Sofia_marie 79,Vote for She‚Äôs the First!,https://www.youtube.com/watch?v=al8K2Bv0yok,44
2024,She's The First,_chumillinda_,Project For Awesome 2024 - She's the Fisrt,https://www.youtube.com/watch?v=mQDU6JMwxxk,41
2024,She's The First,Micaela Rivera Porras,She‚Äôs the first video,https://www.youtube.com/watch?v=VmNkhGARwnA,31
2024,She's The First,Dani Antonio,Click and Make an Impact | Project for Awesome 2024,https://www.youtube.com/watch?v=4qSArsOaNPU,47
2024,She's The First,Dani Antonio,Joy Nzuki for She's the First | Project for Awesome 2024,https://www.youtube.com/watch?v=L3DFIZ51wmU,33
2024,She's The First,Vivacious Yoon,"February 13, 2024",https://www.youtube.com/watch?v=TxO_FTZF3OU,43
2024,She's The First,Florence Sidi,Why you should vote for She's the First in this year's Project for Awesome.,https://www.youtube.com/watch?v=05PAXBHYDLg,71
2024,She's The First,Emma Mogaka,Vote for She's the First in the Project for Awesome,https://www.youtube.com/watch?v=kIjkr4Cd7hQ,35
2024,She's The First,Riad Abrahams,Girls Are Unstoppable | Project for Awesome 2024,https://www.youtube.com/watch?v=-ESD-xHs4lw,49
2024,She's The First,Joan,Vote She's The First -Project For Awesome!,https://www.youtube.com/watch?v=X41Z09DRi-w,50
2024,"Shelter, Inc.","Shelter, Inc.","Project for Awesome 2024 | Shelter, Inc. ‚Äì Voices of Hope",https://www.youtube.com/watch?v=UBTNYCkZAxM,526
2024,SOCK FIP,Baylee Largent,SOCK FIP (Project for Awesome 2024),https://www.youtube.com/watch?v=AkiID2eF6N4,81
2024,SpayNSave,Julie Walters,Project4Awesome2024,https://www.youtube.com/watch?v=JEt_jz_0vsc,409
2024,Spiro,jonathan courtney,Project for Awesome 2024: Spiro (Fighting TB),https://www.youtube.com/watch?v=-ne_NOASuLU,74
2024,St. Jude Children's Research Hospital,Amanda Webb,P4A 2024: Ms. Webb's Class- St. Jude's Children's Hospital,https://www.youtube.com/watch?v=HdfiNX3VVOs,0
2024,Stone Soup Cafe,Chequamegon Bay Stone Soup Cafe,2024 P4A Video Stone Soup Cafe,https://www.youtube.com/watch?v=OkZmNfvgU1I,247
2024,strongminds,Rosy,"February 12, 2024",https://www.youtube.com/watch?v=5OPuFvy4rXc,47
2024,Survival International,Rush Pink,Survival International | Project for Awesome 2024,https://www.youtube.com/watch?v=9q_Gp4cIIUo,267
2024,Sustainability Matters,Sustainability Matters,Sustainability Matters - Rewilding Winchester | Project for Awesome 2024,https://www.youtube.com/watch?v=IX00u49OwRk,922
2024,Suubi Teen MOPS Uganda,Amy Heymann,Project for Awesome 2024 Suubi Teen MOPS Uganda,https://www.youtube.com/watch?v=6HtqKYr6VAk,482
2024,Swasthya Swaraj,Meenakshi Viswanadha,Swasthya Swaraj: Paving the Path to Awesome [Project for Awesome 2024],https://www.youtube.com/watch?v=JLF32Fl66k4,40
2024,Texas 4000 for Cancer,Texas 4000 for Cancer,Texas 4000 for Cancer's Project For Awesome Video,https://www.youtube.com/watch?v=s0MxmMk4-yY,241
2024,The American Red Cross,Maya Chobot,Project For Awesome 2024 Submission for The American Red Cross,https://www.youtube.com/watch?v=Xg0EIcW6HsM,54
2024,The Crime Connection Incorporated,Tiffanie Richards,@p4a,https://www.youtube.com/watch?v=EVcQ6WZVGTw,37
2024,The Foundation to Decrease World Suck,vlogbrothers,P4A 2024 Tiltify Video,https://www.youtube.com/watch?v=KXGOWIg6F_0,4293
2024,The Humane League,Thomas M,Project For Awesome 2024: The Humane League,https://www.youtube.com/watch?v=l36zvwNgyrY,147
2024,The Humane League,Caroline Mills,The Humane League: Project For Awesome 2024,https://www.youtube.com/watch?v=ARaBVd2Kfj0,106
2024,The Humane League,Tyler Johnston,The Humane League - Project For Awesome 2024,https://www.youtube.com/watch?v=kX4MfQSViFo,123
2024,The Humane League,Saulius Simcikas,The Humane League (Project For Awesome 2022),https://www.youtube.com/watch?v=5j5EITH_dj0,66
2024,The Humane League,Sarah Le,ChatGPT about The Humane League and factory farming,https://www.youtube.com/watch?v=hOWziLB_qIk,56
2024,The Humane League,Fiona Gallagher,The Humane League: P4A 2024,https://www.youtube.com/watch?v=7dgzY20Kfvs,74
2024,The Humane League,Effective Altruism Barcelona,Project For Awesome 2024: The Humane League recommended by Ricard,https://www.youtube.com/watch?v=W4GC7lOoZEU,85
2024,The Humane League,Olivia Addy,Project for Awesome 2024: The Humane League,https://www.youtube.com/watch?v=UVb3GNxDjhw,68
2024,The Humane League,Alex Wolfe,Project 4 Awesome 2024,https://www.youtube.com/watch?v=yfbwir9ULF0,74
2024,The Humane League,Jon Camp,Project 4 Awesome 2024: The Humane League,https://www.youtube.com/watch?v=jrJaRwHNftA,53
2024,The Humane League,Kalista Barter,Project for Awesome 2024: The Humane League,https://www.youtube.com/watch?v=aayjoc2gfQY,60
2024,The Humane League,Sydney Fox,I nominate The Humane League for farmed animals! Project For Awesome (P4A) 2024,https://www.youtube.com/watch?v=wigz5OYNGlw,56
2024,The Humane League,UnbeKant,Vote for The Humane League in 2024's Project for Awesome!,https://www.youtube.com/watch?v=tEAOHcALF0g,63
2024,The Humane League,Benjamin C,The Humane League - Project 4 Awesome 2024,https://www.youtube.com/watch?v=mMr7kTvg-po,45
2024,The Humane League,Mollie Putnam,P4A 2024 - The Humane League,https://www.youtube.com/watch?v=DjhfsL7Wgrs,98
2024,The Humane League,Kelly Myers,Project For Awesome 2024: The Humane League,https://www.youtube.com/watch?v=5yxyYPyZWHQ,67
2024,The Humane Society of New York,P4A-SPKL,The humane society of New york (Project for awesome),https://www.youtube.com/watch?v=Etj1oRUNjLE,58
2024,The J.E.D. Foundation,Tahseen,The Jed foundation. Project for AWESOME,https://www.youtube.com/watch?v=P2sE0MW8qo8,74
2024,The Pet Fund,hannamayh,The Pet Fund - Project For Awesome 2024,https://www.youtube.com/watch?v=z7HvlHgCVGc,192
2024,The Prison Phoenix Trust,PrisonPhoenixTrust,The Prison Phoenix Trust | Project for Awesome (P4A) 2024,https://www.youtube.com/watch?v=EAexU7BQEuo,296
2024,The Resilient Activist,The Resilient Activist,The Resilient Activist | Project for Awesome 2024,https://www.youtube.com/watch?v=hnkUy8WziP4,235
2024,The STIM Project,Laura,STIM Project P4A 2024,https://www.youtube.com/watch?v=U0pOorKqAZs,166
2024,Therapies Unite,Ej,P4A 2024 - Therapies Unite,https://www.youtube.com/watch?v=1QdePyuBr14,130
2024,Therapies Unite,Laura Brown,Therapies Unite Project for Awesome 2024,https://www.youtube.com/watch?v=XVfzllRMl0U,145
2024,Thirst Project,Luke Romick,Thirst Project for P4A 2024!,https://www.youtube.com/watch?v=cYWVvDho5d0,139
2024,Thirst Project,Layla N,Layla Nguyen - [THIRST PROJECT] - P4A2024,https://www.youtube.com/watch?v=KisspMe1a1A,68
2024,Thirst Project,Damon Brown,Project 4Awesome 2024‚Ä¶.THIRST PROJECT (Damon Brown),https://www.youtube.com/watch?v=lNG04_8SNXA,44
2024,Thirst Project,Jake Schwarz,Vote for Thirst Project for this years Project For Awesome!!!,https://www.youtube.com/watch?v=VeqwVEPkPdE,49
2024,Thirst Project,Mariana Proen√ßa,MARIANA PROEN√áA - [THIRST PROJECT] - P4A2024,https://www.youtube.com/watch?v=0RL-2nUrZmI,40
2024,Thirst Project,Light from Love,CAMILA CASANI | TP | P4A 2024!!!,https://www.youtube.com/watch?v=kxqgknSX3FM,51
2024,Thirst Project,Tara Hojjati,Project for Awesome 2024,https://www.youtube.com/watch?v=anMwQW4TVZw,54
2024,Thirst Project,Abby Wolfe,NJ Key Club P4A 2024,https://www.youtube.com/watch?v=qhsEqv1DuY8,34
2024,Thirst Project,Abby Wolfe,Lila M - Project 4 Awesome 2024 - Thirst Project,https://www.youtube.com/watch?v=dW4NpwB4uj4,219
2024,Thirst Project,Abby Wolfe,David R | Thirst Project | P4A 2024 SD 480p,https://www.youtube.com/watch?v=Q2GUqd_a9aI,36
2024,Thirst Project,Abby Wolfe,Abby W - Thirst Project - P4A 2024,https://www.youtube.com/watch?v=oiBaxLkQdAI,47
2024,Thirst Project,SHS Thirst Project,Thirst Project: Project 4 Awesome,https://www.youtube.com/watch?v=Xth76r2oh9Y,57
2024,Thirst Project,UTD Thirst Project,University of Texas at Dallas - [THIRST PROJECT] - P4A2024,https://www.youtube.com/watch?v=n3YpcvlM1yk,140
2024,Thirst Project,Abby Wolfe,Melanie W - Thirst Project - P4A 2024,https://www.youtube.com/watch?v=POpXQRUNSFU,37
2024,Thirst Project,Abby Wolfe,Mia Z - P4A 2024- Thirst Project,https://www.youtube.com/watch?v=rzhpIlgLGDA,33
2024,This Star Won't Go Out,TSWGO,TSWGO P4A Video 2024,https://www.youtube.com/watch?v=HF0l-JJysyw,1474
2024,Thrive Youth Center,untappedinkwell,P4A 2024: Thrive Youth Center [CC],https://www.youtube.com/watch?v=mtII3eWYRVw,536
2024,TransActual,Alpha Aquilae,TransActual | Project for Awesome 2024,https://www.youtube.com/watch?v=CpDnwUmdKKk,204
2024,TravlerPack,Max Kessler,Winter Relief Sleeping Bags | 2024 Project for Awesome,https://www.youtube.com/watch?v=hPIXlHHAwfo,298
2024,United Mitochondrial Disease Foundation,LifeOfInsamity,The Powerhouse Workout | United Mitochondrial Disease Foundation for Project for Awesome 2024,https://www.youtube.com/watch?v=H-VYW8d5cSI,188
2024,United2Heal,United2Heal VCU,U2H @ VCU Project for Awesome 2024 Video,https://www.youtube.com/watch?v=Ou37yNDEwb4,254
2024,UNRWA USA,Nerdfighters For Palestine,UNRWA USA - P4A 2024,https://www.youtube.com/watch?v=WyHwPGv7VFM,488
2024,Upwardly Global,Gakita,Upwardly Global Project For Awesome,https://www.youtube.com/watch?v=-aVSlKtdlHc,55
2024,Walkin' &amp; Rollin' Costumes,Walkin' &amp; Rollin' Costumes,Walkin &amp; Rollin Costumes | Project For Awesome 2024,https://www.youtube.com/watch?v=7z9GL9aftAQ,126
2024,War Child,War Child USA,Project For Awesome 2024! Play to Free with War Child,https://www.youtube.com/watch?v=r-Y87Fedyk4,91
2024,We Got This,Wendy Kalver,P4A 2024: We Got This,https://www.youtube.com/watch?v=m37vxdTXYPE,45
2024,Wezesha Binti girl up,Wezesha Binti Girl up,@p4a 2024! Wezesha Binti girl up (video submission),https://www.youtube.com/watch?v=gw_53BPiG8g,236
2024,Whale and Dolphin Conservation,Whale and Dolphin Conservation (WDC),Project for Awesome | Whale and Dolphin Conservation,https://www.youtube.com/watch?v=z1E7cXApe0M,296
2024,World Association of Girl Guides and Girl Scouts,angelbird7227,Project 4 Awesome 2024: WAGGGS,https://www.youtube.com/watch?v=NQ8RfTT0ymo,87
2024,World Bicycle Relief,Gabe Lareau,Project for Awesome 2024: World Bicycle Relief,https://www.youtube.com/watch?v=rwB8hLUMy4k,137
2024,World Wildlife Foundation,Amanda Webb,P4A 2024: Ms. Webb's Class- WWF,https://www.youtube.com/watch?v=7HMJU_MzWMI,0
2024,World YWCA,angelbird7227,Project for Awesome: WorldYWCA,https://www.youtube.com/watch?v=qCzo9yuZB4Y,27
2024,World YWCA,Jadin Cordero,Project for awesome,https://www.youtube.com/watch?v=XFseqpTZZy4,33
2024,Youth Action,Youth Action,Youth Action: Project for Awesome!,https://www.youtube.com/watch?v=w1dXnBSVgGM,34
2025,One Heart Project,Brandon Barnes,Project For Awesome 2025,https://www.youtube.com/watch?v=yxUFeqwxgug,
2025,Soul Bil√≠ngue,malu facio,Project for awesome 2025! Soul Bil√≠ngue,https://www.youtube.com/watch?v=2qu2dJYfVQ0,
2025,The Savannah Children's Theatre,Taye,Project 4 Awesome 2025: Savannah Children's Theatre,https://www.youtube.com/watch?v=9jTdIJpIPBM,
2025,Puzzle Pieces Squared,Eli and Max play games,P2- Project for Awesome 2025,https://www.youtube.com/watch?v=nCXYThUOymQ,
2025,Sembrando Esperanza (Reforest Ecuador),Caba√±as Tamiaju Ecuador,Project for Awesome Video for Sembrando Esperanza,https://www.youtube.com/watch?v=FPIsg1ZWFrA,
2025,Pink Ribbon Good,Pink Ribbon Good,Cara & Lexi's Story | Pink Ribbon Good + Project For Awesome 2025,https://www.youtube.com/watch?v=q-kL8x8KbuU,
2025,Haiti Partners,Haiti Partners,Haiti Partners,https://www.youtube.com/watch?v=RKZ7JtSBZHs,
2025,Mahim Aboli Foundation,Aboli Foundation,Project for awesome | Mahim Aboli Foundation,https://www.youtube.com/watch?v=grqDjqXmK8g,
2025,She's The First,Allison Choong,P4A,https://www.youtube.com/watch?v=tB4L-S1BFsw,
2025,Pamoja Community-Based Organisation,Lilyan,P4A 2025 Submission for Pamoja CBO,https://www.youtube.com/watch?v=5mYVVoNAdcY,
2025,Kindness Begins with Me,Jared Forsyth,Project For Awesome - Kindness Begins With Me,https://www.youtube.com/watch?v=elTn8w-jAqk,
2025,Animal Wonders,Animal Wonders Montana,Animal Wonders: Project for Awesome 2025,https://www.youtube.com/watch?v=GQUdk1ElX4s,
2025,Earth Hero,AdventurousCanadian,Earth Hero P4A 2025,https://www.youtube.com/watch?v=AR5F9-9cDJg,
2025,People Against Landlord Abuse & Tenant Exploitation,Eric4334,Project for Awesome 2025 - People Against Landlord Abuse & Tenant Exploitation,https://www.youtube.com/watch?v=agH6GDy9-vE,
2025,National Abortion Federation,NationalAbortionFed,National Abortion Federation Project for Awesome 2025 Video,https://www.youtube.com/watch?v=KMq_1J3MqkA,
2025,Planet Reimagined,Jack Dimmock,Planet Reimagined - Project For Awesome 2025,https://www.youtube.com/watch?v=iaJ6x5Ep3q0,
2025,Viral Vegans,Jeroen Coessens,P4A 2025 - Viral Vegans,https://www.youtube.com/watch?v=nvHojj_CM5M,
2025,THE HOSPICE CASA SPERANTEI FOUNDATION,B,P4A 2025 | A new pediatric palliative care hospital from HOSPICE Casa Sperantei üíö,https://www.youtube.com/watch?v=wxRSNsxmOII,
2025,LitShop,LitShopSTL,Vote LitShop for Project For Awesome,https://www.youtube.com/watch?v=SmYuRpnDxU4,
2025,Lost-N-Found Youth,Roulin,A Bird Nomination for Lost-N-Found Youth (LNFY) for Project for Awesome 2025,https://www.youtube.com/watch?v=4UhTl8ngFbk,
2025,Viral Vegans,Benjamin Pitk√§nen,Nominating Viral Vegans: Project for Awesome 2025,https://www.youtube.com/watch?v=tqfYLqy1o54,
2025,Pamoja Community-Based Organisation,Pamojacbo,Pamoja CBO. Project For Awesome Submission,https://www.youtube.com/watch?v=TLH6WHCSj0E,
2025,Ocean Conservancy,Conservationconcentration,Native Land Conservancy: Project for Awesome 2025,https://www.youtube.com/watch?v=0AG0TA_UdQg,
2025,Veganuary,Matthew Woolhouse,Veganuary  - Project for Awesome 2025,https://www.youtube.com/watch?v=ecFpndTEC_k,
2025,"Batten Disease Support, Research, and Advocacy Foundation",For Amelia Palermo (Batten Disease Awareness),BDSRA Nomination for Project Awesome 2025,https://www.youtube.com/watch?v=vTuwMCRN9Xc,
2025,Queer Camp,Queer Camp,Queer Camp - Project for Awesome 2025,https://www.youtube.com/watch?v=isxucovx1pw,
2025,Exotic Animals Rescue and Pet Sanctuary,EARPS Inc.,EARPS P4A Submission,https://www.youtube.com/watch?v=OqwLvEBuPbo,
2025,Thirst Project,Krista Williams,West Islip Thirst Project-Project for Awesome 2025,https://www.youtube.com/watch?v=ltj1huqGaIY,
2025,A Cat's Life Rescue,A Cat's Life Rescue,A Cat's Life Rescue- Project for Awesome 2025,https://www.youtube.com/watch?v=TlJxTgNEaTE,
2025,Yoga and Sports for Refugees,MvrIreen,Project for Awesome 2025 - Yoga & Sport with Refugees Ioannina,https://www.youtube.com/watch?v=lQyP6uls5u0,
2025,Archaeology in the Community,Archaeology in the Community,AITC Project for Awesome 2025: Christine Ames,https://www.youtube.com/watch?v=V6sIRYU8HME,
2025,DOSE Artist Collective,Champagin,Project for Awesome 2025 - DOSE Artist Collective,https://www.youtube.com/watch?v=wWz8EAYxxGc,
2025,SameSame,SameSame,SameSame x Project Awesome,https://www.youtube.com/watch?v=kVBUzFZzhXE,
2025,Aquatic Life Institute,WhatsItLike,Let‚Äôs Go Inside this Experiment,https://www.youtube.com/watch?v=yF-nJSQNvk8,
2025,UNRWA USA,Code; Life,Code;Life CL UNRWA Project for Awesome| P4A 2025 Submission,https://www.youtube.com/watch?v=j4PJ4feHUS0,
2025,Viral Vegans,Viral Vegans,Project For Awesome 2025 | Viral Vegans,https://www.youtube.com/watch?v=LJxx8amBotU,
2025,A Moment of Magic Foundation,A Moment of Magic Visits,Project for Awesome 2025: A Moment of Magic Foundation,https://www.youtube.com/watch?v=Lq-WY80j_js,
2025,Student Advocacy Center of Michigan,Student Advocacy Center of Michigan,Project For Awesome 2025 x Youth Action Michigan,https://www.youtube.com/watch?v=W0hJGlggUT0,
2025,"International Fund for Animal Welfare, Inc.",Nerdfighter4dolphins,Project for Awesome- IFAW Marine Mammal Rescue Team,https://www.youtube.com/watch?v=Mpa1JQxU5Is,
2025,New Incentives,Fiona Gallagher,New Incentives: P4A 2025,https://www.youtube.com/watch?v=OqPp6XhG6ak,
2025,Camp Fatima of New Jersey,Alley Ward,Camp Fatima of New Jersey - Project for Awesome 2025,https://www.youtube.com/watch?v=6Y0CEUBB2EY,
2025,She's The First,Aarna Dharia,STF Project For Awesomness '25,https://www.youtube.com/watch?v=BAZNgpuLI1A,
2025,The Humane League,Fiona Gallagher,The Humane League: P4A 2025,https://www.youtube.com/watch?v=rKyHMBIPD0M,
2025,Viral Vegans,Riina Mattila,Project for Awesome 2025: Viral Vegans,https://www.youtube.com/watch?v=G6CDx-S1IVk,
2025,Fish Welfare Initiative,yamato970,Shrimp Welfare Project for Awesome 2025,https://www.youtube.com/watch?v=86gOwygi7Q4,
2025,Animal Advocacy Africa,Animal Advocacy Africa,Animal Advocacy Africa l Project for Awesome 2025,https://www.youtube.com/watch?v=0NsIM-UsNgk,
2025,Global Citizen Adventure Corps,Global Citizen Adventure Corps,GCAC Project For Awesome 2025 Submission ‚ú®,https://www.youtube.com/watch?v=pKSI16X96go,
2025,Legacy Youth Leadership,1st Mentor Street,Project for Awesome 2025 - Vote for Legacy Youth Leadership,https://www.youtube.com/watch?v=5sFc70TDr4w,
2025,Archaeology in the Community,Archaeology in the Community,Archaeology in the Community Project for Awesome 2025,https://www.youtube.com/watch?v=nBFxnDrfpUQ,
2025,Vida Plena,Vida Plena,Vida Plena: Project 4 Awesome 2025,https://www.youtube.com/watch?v=_JNMCzqspsY,
2025,Family Promise of the Jersey Shore,Family Promise of the Jersey Shore,Family Promise of the Jersey Shore  - P4A 2025,https://www.youtube.com/watch?v=BFKfcpBChyw,
2025,Habibi.Works,Phoebe Roberts,Project 4 Awesome 2025: Habibi Works Bike Workshop; Part 3,https://www.youtube.com/watch?v=L5UbzlKEqqk,
2025,Wings of Rescue,Mane Course,Project For Awesome 2025: Wings of Rescue,https://www.youtube.com/watch?v=in406LTN6tY,
2025,Habibi.Works,Mohamed Baballa,What's the Media Lab at Habibi.Works,https://www.youtube.com/watch?v=ro7ofJaeD8M,
2025,Parkinson's UK,Helen Smith,Parkinson's UK ‚Äî Project for Awesome 2025,https://www.youtube.com/watch?v=8ZtIQ03p1m4,
2025,MIND Research Institute,Brenden D'Souza,"Project for Awesome 2025 - MIND Research Institute - MM, BD, MZ",https://www.youtube.com/watch?v=ddXf3uOj-3Y,
2025,ProVeg International,Felix W.,We need more plant-based alternatives. Vote for ProVeg International! | Project for Awesome 2025,https://www.youtube.com/watch?v=M6-61INs5eo,
2025,Art Meets Education,Dom1000,Art Meets Education   Project for Awesome 2025,https://www.youtube.com/watch?v=BCbI05varXY,
2025,EMU International Scholarship Fund,Pius Ukiri,I Took His Job...,https://www.youtube.com/watch?v=XW4vMSMoDVE,
2025,International Campaign to Abolish Nuclear Weapons,Felix W.,We need nuclear disarmement. Vote for ICAN! | Project for Awesome 2025,https://www.youtube.com/watch?v=OeUEM5BWuo0,
2025,Sprach- und Bildungsf√∂rderung SprInt gGmbH,Sprach- und Bildungsf√∂rderung¬†SprInt,Project For Awesome 2025 | SprInt Berlin (Language and Integration),https://www.youtube.com/watch?v=mpbzp2akuT8,
2025,Campaign Against Living Miserably,Badlinu,Vote For CALM - Project for awesome 2025,https://www.youtube.com/watch?v=Xj73Rxg_evA,
2025,Bail Project,melodysmash,The Bail Project | Project for Awesome 2025,https://www.youtube.com/watch?v=gZTaX9hJ1n4,
2025,Palestinian Youth Movement,Ethan Bell,California Model Legislature and Court | Project for Awesome 2025,https://www.youtube.com/watch?v=wT9QFBYLG1U,
2025,National Abortion Federation,NationalAbortionFed,National Abortion Federation P4A 2025 Video,https://www.youtube.com/watch?v=PjJZvTYnsdg,
2025,National Abortion Federation,National Abortion Hotline,National Abortion Hotline P4A 2025 Video,https://www.youtube.com/watch?v=JBKKJb_M3CU,
2025,War Child,shealynn,"Nomination for War Child USA, Project for awesome",https://www.youtube.com/watch?v=86OHukSFCB0,
2025,ReFOCUS Media Labs,ReFOCUS Media Labs,ReFOCUS Media Labs- Project For Awesome 2025 (color),https://www.youtube.com/watch?v=JWj86Ul-rSk,
2025,Seacology,Lanka Mangrove Museum,Seacology‚ÄîProject for Awesom 2025,https://www.youtube.com/watch?v=X-4_Pv5j7_4,
2025,Cure CLCN6,Cure CLCN6,Nomination for Project For Awesome 2025,https://www.youtube.com/watch?v=2lR8QTkqvw4,
2025,Girls for change Initiative,Girls for Change Initiative(G4CI),Project for Awesome 2025,https://www.youtube.com/watch?v=GriWDWSuDoQ,
2025,Small Miracles,Alexa B,Small Miracles P4A,https://www.youtube.com/watch?v=531Csu1WYSg,
2025,ASISTA Immigration Assistance,ASISTA,Don't forget to vote for ASISTA at Project 4 Awesome 2025!,https://www.youtube.com/watch?v=a1w7YAdqrq0,
2025,Lets Plant e.V.,M FK,P4A2025LetsPlant!,https://www.youtube.com/watch?v=8SOhKeKEg-0,
2025,Thirst Project,NB,Project for Awesome 2025 - Thirst Project,https://www.youtube.com/watch?v=SCKLiE6vbo0,
2025,Hear Your Song,Hear Your Song,Hear Your Song ‚Äî Project for Awesome 2025,https://www.youtube.com/watch?v=_xs_If6ZYQ8,
2025,The Friendship Circle,Dumbstudent,P4A(Project For Awesome) 2025 | The Friendship Circle,https://www.youtube.com/watch?v=pValiVTC_OA,
2025,The Starfish Foundation,Amy Wang,Project for Awesome 2025 | Polaris | Amy Wang,https://www.youtube.com/watch?v=VnxvYaHQ5GM,
2025,Michael J. Fox Foundation,staryy_spring,Project For Awesome 2025 | Michael J. Fox Foundation,https://www.youtube.com/watch?v=78UdfaoOMUE,
2025,Now I Lay Me Down to Sleep,Now I Lay Me Down to Sleep,2025 Project 4 Awesome Application,https://www.youtube.com/watch?v=OecVeMx8dcQ,
2025,Alveus Sanctuary,Maggie Chen,Project For Awesome 2025  |  Alveus Sanctuary,https://www.youtube.com/watch?v=EJrwlQRZH3c,
2025,LifeSmart Education,LifeSmart Education,Project for Awesome! LifeSmart Education CAN MAKE A DIFFERENCE. PLEASE VOTE FOR US!,https://www.youtube.com/watch?v=BXpGj9xtuik,
2025,The J.E.D. Foundation,Haverty,The Jed Foundation - Project for Awesome 2025,https://www.youtube.com/watch?v=zFBVCA6EJqI,
2025,War Child,Karis,War Child for 'Project For Awesome 2025',https://www.youtube.com/watch?v=DuzKAoRRrxk,
2025,cancer research institute,Jay Hong,PROJECT FOR AWESOME: CANCER RESEARCH INSTITUTE (13+),https://www.youtube.com/watch?v=SY8zztFtJi4,
2025,Campaign Against Living Miserably,Diabetus,how are you... really? [a short film] - Campaign Against Living Miserably | Project For Awesome 2025,https://www.youtube.com/watch?v=u99OyBTLinw,
2025,Gamers Outreach,GamersOutreach,Gamers Outreach - Projejct for Awesome 2025,https://www.youtube.com/watch?v=KHG-aeaPE8Y,
2025,"Carabiner Collections, Inc.",Carabiner Collections,Carabiner Collections LGBTQIA+ Library | Project For Awesome 2025,https://www.youtube.com/watch?v=NWSBm9ad50w,
2025,Puppies Behind Bars,"Project For Awesome- Angela, Devan & Mallory",Puppies Behind Bars P4A 2024,https://www.youtube.com/watch?v=7y7pwxzGTE0,
2025,Project Drawdown,Harsh Patel,"p4a 2025, Project Drawdown, Harsh Patel, Shreekrishna Avhad, Aaron D'Souza, Jonathan Tarniowy",https://www.youtube.com/watch?v=Y3fKGOPyC8I,
2025,She's The First,Rahwa Tomas,She‚Äôs the First: Project 4 Awesome 2025,https://www.youtube.com/watch?v=_-klp4LR0dE,
2025,ReliefAid,Son of Sonny,A word from Ukraine - ProjectforAwesome & ReliefAid,https://www.youtube.com/watch?v=oXl1ooMdq00,
2025,Amigxs Del M.A.R.,Danielle Schmidt Ortiz,Amigxs Del M.A.R. (Movimiento Ambiental Revolucionario) | P4A 2025,https://www.youtube.com/watch?v=4qHyKYXp9SM,
2025,Palomacy Pigeon & Dove Adoptions,Palomacy Pigeon & Dove Adoptions,Palomacy Pigeon & Dove Adoptions: Project for Awesome 2025,https://www.youtube.com/watch?v=m_MlSc721Y0,
2025,She's The First,Annie Chen,She's the First - Project for Awesome 2025,https://www.youtube.com/watch?v=CtRhyOE6bDA,
2025,Legacy Youth Leadership,Maxwell Pen,P4A 2025!üéâ | Maxwell Pen for Legacy Youth Leadership,https://www.youtube.com/watch?v=OsGeoMijWTE,
2025,United Mitochondrial Disease Foundation,LifeOfInsamity,United Mitochondrial Disease Foundation | Project for Awesome 2025,https://www.youtube.com/watch?v=iwbENZeeSd0,
2025,National Eating Disorders Association,Jo Newton,Project For Awesome 2025 -- NEDA,https://www.youtube.com/watch?v=UkWbeDkSdwk,
2025,Malala Fund,couch potato art,Project for Awesome 2025 - New Chapters,https://www.youtube.com/watch?v=mBy0oNhDaBU,
2025,Center for Coastal Studies,Old Trashwater,Project for Awesome 2025: Center for Coastal Studies -Marine Debris and Plastics Program,https://www.youtube.com/watch?v=RqAx5SeGT_Y,
2025,Communitopia,Green Drinks Pittsburgh,Communitopia - 2025 Project for Awesome,https://www.youtube.com/watch?v=9FNLoRhAWHg,
2025,WaterAid,Sophia Huang,Project for Awesome 2025 | WaterAid,https://www.youtube.com/watch?v=vaXmiy0ph4Q,
2025,Equal Justice Initiative,Cameron Wescott,"Equal Justice Initiative, P4A 2025",https://www.youtube.com/watch?v=q2XWX4eGSzk,
2025,Limbs for Life,Sebastian P,P4A - Limbs For Life,https://www.youtube.com/watch?v=4G6nNGHT2wg,
2025,Cosmopolitan Party Foundation,Cosmopolitan Coalition of United Earth,P4A 2025: The Cosmopolitan Coalition of United Earth,https://www.youtube.com/watch?v=snHhDawECpc,
2025,Prison Book Program,Hannah Lee,Prison Book Program - P4A 2025,https://www.youtube.com/watch?v=LFQHTOF7OP4,
2025,Legacy Youth Leadership,Fishin4clout,I need your help!,https://www.youtube.com/watch?v=nHadd1lvsk0,
2025,She's The First,Tiffani Britton,She's the First Project 4 Awesome!,https://www.youtube.com/watch?v=6gLDG345BYA,
2025,Encouraging Women Across All Borders,Encouraging Women Across All Borders (EWAAB),EWAAB Project for Awesome 2025,https://www.youtube.com/watch?v=omk-RAUXtRs,
2025,Collaborative Family Healthcare Association,Integrated Care TV,Projectforawesome.com #p4a #integratedcare #primarycare,https://www.youtube.com/watch?v=192Sy3VILDk,
2025,Palestinian Center for Human Rights,Nerdfighters For Palestine,Palestine Children's Relief Fund (PCRF) - P4A 2025,https://www.youtube.com/watch?v=hSYhBJEK2NQ,
2025,UNRWA USA,Nerdfighters For Palestine,UNRWA USA - P4A 2025,https://www.youtube.com/watch?v=M3r0Q73sfpw,
2025,FREE2LUV,FREE2LUV,Project For Awesome 2025 | FREE2LUV ‚ù§,https://www.youtube.com/watch?v=vEs8R03-h-8,
2025,Disability EmpowHer Network,Disability EmpowHer Network,Disability EmpowHer Network | Project for Awesome 2025,https://www.youtube.com/watch?v=KaCAFG1oKgI,
2025,Prison Book Program,"Prison Book Program Quincy, MA",Prison Book Program P4A 2025 - Chandler,https://www.youtube.com/watch?v=GMIge_zAqRA,
2025,The Northwest Hub,Patrick Stokes,Project For Awesome 2025 - The Northwest Hub,https://www.youtube.com/watch?v=r8B00aaAay4,
2025,Not Forgotten,Smarter Every Day 2,I've Been Making Videos About This for Over 10 years! -Not Forgotten 2025 Update Smarter Every Day 2,https://www.youtube.com/watch?v=tNlmWBTOxtg,
2025,ACLU,Danielle,"February 7, 2025",https://www.youtube.com/watch?v=oZWke0AjPUg,
2025,This Star Won't Go Out,TSWGO,P4A 2025: üí´ This Star Won't Go Out,https://www.youtube.com/watch?v=cODIZZO9Lpg,
2025,Sandy Hook Promise,Arsany Georgy,Project 4 Awesome Video 2025: Sandy Hook Promise Foundation,https://www.youtube.com/watch?v=LT-QblUea78,
2025,OpenMRS,OpenMRS,OpenMRS | Project For Awesome 2025 submission | #p4a | @p4a | #OpenMRS | #p4a2025,https://www.youtube.com/watch?v=9K9ApHfiUF4,
2025,Digital4Good x #ICANHELP,Digital4Good + #ICANHELP,Digital4Good x #ICANHELP | Project for Awesome 2025,https://www.youtube.com/watch?v=5Ws19y7Vi0g,
2025,The Superhero Project,The Superhero Project,P4A x SHP 2025,https://www.youtube.com/watch?v=ErKhUbOPMRw,
2025,Day One,DayOneNY,Project for Awesome 2025 | Vote for Day One!,https://www.youtube.com/watch?v=Ftjj7UzVP2Q,
2025,Ophelias Place,Ophelia's Place,Ophelia's Place Project for Awesome 2025 Submission,https://www.youtube.com/watch?v=AbrkoU89LJA,
2025,DoSomething.org,DoSomething.org,Project For Awesome 2025 | DoSomething,https://www.youtube.com/watch?v=M4mbNoNFm7U,
2025,Giving What We Can,Giving What We Can,Nominating Giving What We Can: Project for Awesome 2025,https://www.youtube.com/watch?v=P-iLbQWwvbU,
2025,Scarleteen,Scarleteen,Scarleteen | Project For Awesome,https://www.youtube.com/watch?v=uDylAlyOJhQ,
2025,She's The First,Anghelina Severin,She is the First | Project for Awesome 2025 | Listen to Girls,https://www.youtube.com/watch?v=rZzZhijtWEY,
2025,No Means No Worldwide,NoMeansNoWorldwide,NMNW Project for Awesome 2025 NMNW,https://www.youtube.com/watch?v=8xuGqjh2tpE,
2025,Literacy for Life,Literacy for Life Williamsburg,Literacy for Life Project for Awesome 2025,https://www.youtube.com/watch?v=yGDp8HYKOk4,
2025,St. Jude Children's Research Hospital,Siuming Jiang,Project for Awesome 2025  |  St  Jude Children's Research Hospital,https://www.youtube.com/watch?v=WKDFM9by1AI,
2025,NATIONAL LGBTQ TASK FORCE,Tiarah,Help out the LGBTQ community (National LGBTQ Task Force) - P4A #P4A #LGBTQ #ProjectForAwesome,https://www.youtube.com/watch?v=ZLpPZUcxIhI,
2025,American Foundation for Suicide Prevention,Md Maruf Sorder,P4A: American Foundation for suicide prevention,https://www.youtube.com/watch?v=8Q4_Os2b4EU,
2025,Aquatic Life Institute,Tamjid Saif,Save The Environment,https://www.youtube.com/watch?v=yi92iApYedc,
2025,LOVEPAWS,LOVEPAWS,Vote for LOVEPAWS during Project for Awesome 2025!,https://www.youtube.com/watch?v=C84i_b9UAAU,
2025,wellpower,CapoJay6,Mental Health Charities (Project For Awareness),https://www.youtube.com/watch?v=gAl27XrKnPw,
2025,Sinergia Animal,Leonardo Lima,Sinergia Animal - Project for Awesome 2025,https://www.youtube.com/watch?v=GAwnMts_jDk,
2025,Thirst Project,Luke Romick,I Nominate Thirst Project for Project for Awesome 2025,https://www.youtube.com/watch?v=d8ctD_IqcTU,
2025,Centre for the Governance of AI,The Dank,P4A: Mental Health Reflection,https://www.youtube.com/watch?v=Wj6To4Cvkd4,
2025,Seacology,Seacology,Seacology | Project for Awesome 2025,https://www.youtube.com/watch?v=IXGbTByySQ4,
2025,Tinykittens,MichiruEll,P4A 2025 - Tinykittens,https://www.youtube.com/watch?v=LXeWkow-Egs,
2025,GLOBAL REFUGE,Makeya group,Project for awesome project 2025 #projectforawese #Globalrefugee,https://www.youtube.com/watch?v=y3Fer8VD64Q,
2025,Animal Sanctuary Aurora,Riina Mattila,Project for Awesome 2025: Animal Sanctuary Aurora,https://www.youtube.com/watch?v=1TfErf1aNSk,
2025,Instrument Shop,Instrument Shop,Project for Awesome 2025 - Youth Instrument Building!,https://www.youtube.com/watch?v=65TR20LQOLM,
2025,Sphinx Academy,Rokomoroshu,project awesome (sphinx academy),https://www.youtube.com/watch?v=GxeY4Tok-iQ,
2025,Sentience,Sentience ‚Äì Politik f√ºr Tiere,Project for Awesome 2025 ‚Äì A Society in Which Animals Are Protected From Suffering,https://www.youtube.com/watch?v=L-EHVUn9hSQ,
2025,Kafessiz Turkiye,Lukas Jasi≈´nas,Kafessiz Turkiye - Project for Awesome 2025,https://www.youtube.com/watch?v=rGWxS6kNc5E,
2025,Sinergia Animal,Lukas Jasi≈´nas,Sinergia Animal - Project for Awesome 2025,https://www.youtube.com/watch?v=gPVEtZYL1aY,
2025,Awakening Recovery,mode9800,25 P4A Awakening Recovery,https://www.youtube.com/watch?v=ryvQjhKI7Rk,
2025,Mermaids UK,FlyingKiwi,Mermaids UK | Project for Awesome 2025,https://www.youtube.com/watch?v=-MViUL06nHw,
2025,Time Out Youth,Time Out Youth,Time Out Youth: Project for Awesome 2025,https://www.youtube.com/watch?v=BqrsO-g8Aio,
2025,True Colors United,Jenny Kiley,Project For Awesome 2025 - True Colors United,https://www.youtube.com/watch?v=Zloo8G1faCY,
2025,Missoula Friends of the Shelter,Missoula Friends of the Shelter,Friends of the Shelter Project for Awesome Video,https://www.youtube.com/watch?v=vCaysaBRCHs,
2025,Thirst Project,Macee D,Macee Flores - [Thirst Project] - P4A 2025,https://www.youtube.com/watch?v=4ccvi7IN0Xs,
2025,Thirst Project,Andrew Reese,Thirst Project Project For Awesome 2025,https://www.youtube.com/watch?v=SFMBiOCFX-k,
2025,Campaign Against Living Miserably,Campaign Against Living Miserably,Project For Awesome 2025 | Campaign Against Living Miserably,https://www.youtube.com/watch?v=DonE1m6iQn4,
2025,Belong Center,Belong Center,Vote for Belong Center: On a mission to end loneliness and build a culture of belonging üíõ‚ú®,https://www.youtube.com/watch?v=ighOL3KLPpY,
2025,Happy Doggo,Happy Doggo,Project For Awesome 2025 | Happy Doggo,https://www.youtube.com/watch?v=cgw2zMk5-gc,
2025,StepUp Greensboro,StepUpGreensboro,StepUp Greensboro 2025 Project 4 Awesome,https://www.youtube.com/watch?v=c-UVDeoy_mI,
2025,Palestinian American Community Center,firewordsparkler,P4A 2025 Palestinian American Community Center,https://www.youtube.com/watch?v=w-kkBaehG8I,
2025,Asian American Community Fund of Pennsylvania,Katrina Eames,Asian American Community Fund of Pennsylvania || Project for Awesome 2025,https://www.youtube.com/watch?v=QS8KKg9z7iE,
2025,Thirst Project,Lila Mokhtari,Project for Awesome 2025 - Thirst Project Submission,https://www.youtube.com/watch?v=2O54BQ6jQJ8,
2025,Mollesnejta,Mollesnejta Agroforestry,Mollesnejta - Andean Agroforestry - Project for Awesome 2025,https://www.youtube.com/watch?v=cB_YPlKo4gs,
2025,Yoga and Sports for Refugees,SwimRunClimb,Yoga and Sports for Refugees - Project for Awesome 2025,https://www.youtube.com/watch?v=FjtvPPwtpZQ,
2025,The Social Teahouse Foundation,The Social Teahouse,The Social Teahose Foundation - Project for Awesome 2025,https://www.youtube.com/watch?v=4DZspjt9FAY,
2025,Animal Advocacy Careers,Nayan Agarwal,Project for Awesome 2025- Animal Advocacy Careers,https://www.youtube.com/watch?v=TSCJOuzXWFY,
2025,Queer Lexikon e.V.,Queer Lexikon,Queer Lexikon at Project 4 Awesome 2025,https://www.youtube.com/watch?v=dOQsMuhRLcw,
2025,Habibi.Works,Carlotta B,Project for awesome 2025 - Interview to Mahmoud Ibrahim Ali about Habibi.Works,https://www.youtube.com/watch?v=qWkf7V2i9mY,
2025,Animal Advocacy Careers,Animal Advocacy Careers,Project for Awesome 2025- Animal Advocacy Careers,https://www.youtube.com/watch?v=Y6zA69ZtkSw,
2025,Habibi.Works,Carlotta Borroni,How do you describe Habibi.Works in one word?,https://www.youtube.com/watch?v=Xs2NpcSP7s8,
2025,Legacy Youth Leadership,Jackie,"February 6, 2025",https://www.youtube.com/watch?v=HIz49A1EwrA,
2025,Stichting Heuvelrug Theater,Winkeltheater,Heuvelrug Theater - P4A 2025 submission,https://www.youtube.com/watch?v=RUDfjOJkzcs,
2025,Habibi.Works,Marina Burke Ruiz,PROJECT FOR AWESOME 2025 - My time in the Habibi.Works Garden,https://www.youtube.com/watch?v=FrMh7y1ctWs,
2025,Veganuary,Veganuary,Wendy says Vote for Veganuary in Project for Awesome 2025,https://www.youtube.com/watch?v=xvgmypOM6qQ,
2025,A child a dream a future - Un enfant un r√™ve un avenir,Alex Teaches English and French,Un enfant un r√™ve un avenir P4A2025,https://www.youtube.com/watch?v=XMSHR2dniI0,
2025,Animal Charity Evaluators,Animal Charity Evaluators,Project for Awesome 2025: Animal Charity Evaluators,https://www.youtube.com/watch?v=0JA_fxAzTd4,
2025,Good Food Institute,Effective Altruism Barcelona,Project for Awesome 2025: The Good Food Institute recommended by Melanie,https://www.youtube.com/watch?v=aM_z8BowHIo,
2025,Acceptess-T,acceptess-t,Project 4 Awesome 2025 || Acceptess-T üè≥Ô∏è‚Äç‚ößÔ∏è,https://www.youtube.com/watch?v=-I16aclOG0Q,
2025,She's The First,Kate Kiama,She's the First Project for Awesome 2025 Video,https://www.youtube.com/watch?v=aO6fEnTv0C4,
2025,Kick it for Cancer,Joseph Zenir,Kick it 2025 vid,https://www.youtube.com/watch?v=g9sabU5xzuQ,
2025,Veganuary,Mauricio Serrano Palma,Project for Awesome - Veganuary,https://www.youtube.com/watch?v=oe21KLKup40,
2025,Veganuary,Veganuary,Stuart says Vote for Veganuary in Project for Awesome 2025,https://www.youtube.com/watch?v=BFgOot11A3Q,
2025,Campaign Against Living Miserably,KiriothTV,Project For Awesome 2025 | the importance of CALM,https://www.youtube.com/watch?v=BShcMtCXyHE,
2025,Faunalytics,Effective Altruism Barcelona,Project for Awesome 2025: Faunalytics recommended by Bj√∂rn,https://www.youtube.com/watch?v=RpQtut7rbVg,
2025,Faunalytics,Effective Altruism Barcelona,Project for Awesome 2025: Faunalytics recommended by Pablo,https://www.youtube.com/watch?v=AXuKLzEzYB8,
2025,Good Food Institute,Effective Altruism Barcelona,Project for Awesome 2025: The Good Food Institute recommended by Ricard,https://www.youtube.com/watch?v=PBDU33b5NnI,
2025,ACTRA,Effective Altruism Barcelona,Project for Awesome 2025: ACTRA recommended by Anthony,https://www.youtube.com/watch?v=k5Xxtw4bPcY,
2025,Children Change Colombia,Effective Altruism Barcelona,Project for Awesome 2025: Children Change Colombia recommended by Laura,https://www.youtube.com/watch?v=Ctdgg3f_fz4,
2025,Access to Medicines Initiative,Evan LaForge,Access to Medicines Initiative | Project for Awesome 2025,https://www.youtube.com/watch?v=s7pclN8h2Qs,
2025,Good Food Institute,Lehua Gray,Good Food Institute - Project4Awesome 2025,https://www.youtube.com/watch?v=mufXVHo5wZU,
2025,GiveDirectly,Lehua Gray,GiveDirectly - Project4Awesome 2025,https://www.youtube.com/watch?v=BDy5M1IxNB4,
2025,Lead Exposure Elimination Project,Lehua Gray,Lead Exposure Elimination Project (LEEP)  - Project for Awesome 2025,https://www.youtube.com/watch?v=7lIC7MuGFEw,
2025,Children's Future International,Children's Future,Support families affected by USAID stop work order - Project For Awesome 2025,https://www.youtube.com/watch?v=yDW9Cpgyddc,
2025,International Campaign to Abolish Nuclear Weapons,Lehua Gray,International Campaign to Abolish Nuclear Weapons (ICAN) - Project for Awesome 2025,https://www.youtube.com/watch?v=lmerP2002FY,
2025,She's The First,Tammy Tibbetts,Vote She's the First in Project for Awesome 2025!,https://www.youtube.com/watch?v=BUWGU6agTw4,
2025,Friends of Rescue Animals,NƒÅmeless,Donate as an Advocate against Animal Cruelty,https://www.youtube.com/watch?v=ifU_B2YXHFE,
2025,Midtown Greenway Coalition,Daniel Opdahl,Project for Awesome 2025 - The Midtown Greenway Coalition - P4A 2025,https://www.youtube.com/watch?v=M56fqbPtUo8,
2025,Prescription Joy,Prescription Joy,Prescription Joy's Project for Awesome 2025 Submission,https://www.youtube.com/watch?v=yaf8XK005IM,
2025,Giving What We Can,Giving What We Can,Giving What We Can: Project for Awesome 2025,https://www.youtube.com/watch?v=JX4lMoT4AuU,
2025,New Roots Institute,New Roots Institute,Project For Awesome 2025,https://www.youtube.com/watch?v=fhYG-T3q1HU,
2025,Meals For Unity,Meals for Unity,Project for Awesome 2025 X Meals for Unity Grant Application,https://www.youtube.com/watch?v=mBJBXn3R_no,
2025,Global Changemakers,Global Changemakers,Global Changemakers Project For Awesome 2025,https://www.youtube.com/watch?v=Ujj1j2HrwOU,
2025,Kids of Hope School,Stefanie John,Kids of Hope Project For Awesome 2025,https://www.youtube.com/watch?v=2m27ea0sAHY,
2025,Ecology Project International,Ecology Project International,Sara for EPI during Project for Awesome 2025!,https://www.youtube.com/watch?v=TOnKSdt9ud8,
2025,Ecology Project International,Ecology Project International,P4A Raquel & Jeremy for EPI during Project for Awesome 2025!,https://www.youtube.com/watch?v=nWZy5k-J9Es,
2025,Ecology Project International,Ecology Project International,Katherine D. for EPI during Project for Awesome 2025!,https://www.youtube.com/watch?v=A0Yl33PFKNQ,
2025,Ecology Project International,Ecology Project International,Erick for EPI during Project for Awesome 2025!,https://www.youtube.com/watch?v=c22X8uQRtes,
2025,Ecology Project International,Ecology Project International,Steve McCarthy for EPI during Project for Awesome 2025!,https://www.youtube.com/watch?v=JRyE4PsuCw8,
2025,Ecology Project International,Ecology Project International,Diego for EPI during Project for Awesome 2025!,https://www.youtube.com/watch?v=bX6KROrdwP4,
2025,Autistica,LittlePictures,Autistica | Project For Awesome 2025,https://www.youtube.com/watch?v=QFXb-CWH_IQ,
2025,Ecology Project International,Ecology Project International,Mason Wiggins for EPI during Project for Awesome 2025!,https://www.youtube.com/watch?v=NgSEsKLD4BM,
2025,Ecology Project International,Ecology Project International,Azul for EPI during Project for Awesome 2025!,https://www.youtube.com/watch?v=0fsNrPG2hD0,
2025,Ecology Project International,Ecology Project International,Steve Anderson for EPI during Project for Awesome 2025!,https://www.youtube.com/watch?v=JnU4-CI9kms,
2025,Ecology Project International,Ecology Project International,Katherine M. for EPI during Project for Awesome 2025!,https://www.youtube.com/watch?v=67QRqAZO3tQ,
2025,Ecology Project International,Ecology Project International,Pacuare Reserve Volunteers for EPI during Project for Awesome 2025!,https://www.youtube.com/watch?v=71zfUyZ5d44,
2025,Ecology Project International,Ecology Project International,Mexico Alumni for EPI during Project for Awesome 2025!,https://www.youtube.com/watch?v=ZECA6HZb9lk,
2025,Ecology Project International,Ecology Project International,Ana Beatriz Hernandez & Ramona Turtle for EPI during Project for Awesome 2025!,https://www.youtube.com/watch?v=u09kmWZt0pw,
2025,Campaign Against Living Miserably,Nelldorado,Project For Awesome 2025: Nell‚Äôs Story for Campaign Against Living Miserably,https://www.youtube.com/watch?v=d5QYP6Kvs78,
2025,Big Sky Youth Empowerment,Big Sky Youth Empowerment,BYEP Project for Awesome 2025,https://www.youtube.com/watch?v=cP8moqTRNN8,
2025,Aquatic Life Institute,Aquatic Life Institute,Project for Awesome - Aquatic Life Institute,https://www.youtube.com/watch?v=csnKW74g6Mo,
2025,Underdog Animal Rescue and Rehab,Underdog Animal Rescue and Rehab,Underdog Project for Awesome 2025 Video Submission,https://www.youtube.com/watch?v=qxxKtXsvXi8,
2025,Prison Book Program,helloworld,Prison Book Program - Project for Awesome 2025,https://www.youtube.com/watch?v=TNbai9ilZys,
2025,ReliefAid,Sam Jeffries,ReliefAid Project for Awesome 2025,https://www.youtube.com/watch?v=yMPnTHj220k,
2025,TB Alliance,Alpha Aquilae,TB Alliance | Project for Awesome 2025,https://www.youtube.com/watch?v=Bxxdh9F4HPg,
2025,Fistula Foundation,Fistula Foundation,Project for Awesome 2025 | Fistula Foundation,https://www.youtube.com/watch?v=cLqCBcY6Quc,
2025,Legacy Youth Leadership,Kevin Woo,Legacy Youth Leadership for P4A 2025 #ProjectForAwesome2025,https://www.youtube.com/watch?v=kF_ZoD5B8zI,
2025,Autistica,TheKillavinilla,Project For Awesome 2025 - Autistica,https://www.youtube.com/watch?v=VBH5UbYV7cs,
2025,She's The First,She's the First,On Being Bolder and Louder! | She's the First x Malia Baker for Project for Awesome 2025,https://www.youtube.com/watch?v=j7nQxGK4RVg,
2025,PauseAI,BurningTrapezoid,PauseAI - Project for Awesome 2025,https://www.youtube.com/watch?v=qOD05tpGcGA,
2025,selfm-aid,Vinc3,Project 4 Awesome 2025. Selfm-aid: Skills Factory,https://www.youtube.com/watch?v=Bdes9ZFx8BE,
2025,Wild Animal Initiative,Wild Animal Initiative,Wild Animal Initiative - Project For Awesome 2025,https://www.youtube.com/watch?v=c46nRss4H1Y,
2025,Autistica,Chaos Organised,Project 4 Awesome 2025: I'm Nominating Autistica!,https://www.youtube.com/watch?v=iOMXZVYPl9M,
2025,RiseBoro Community Partnership,RiseBoro Community Partnership,Project for Awesome 2025 - RiseBoro Community Partnership,https://www.youtube.com/watch?v=FU3VUqmYqdM,
2025,Fungi Foundation,FFungi,Fungi Foundation - Project For Awesome,https://www.youtube.com/watch?v=F_aht8V1krw,
2025,ACLU,fugithegreat,American Civil Liberties Union (ACLU) - Project for Awesome 2025,https://www.youtube.com/watch?v=iQFKTACdM84,
2025,selfm-aid,Vinc3,Project 4 Awesome 2025:  Selfm.Aid,https://www.youtube.com/watch?v=AMCz9k5-jNs,
2025,Veganuary,Veganuary,Vote for Veganuary in Project for Awesome 2025  ‚úÖ,https://www.youtube.com/watch?v=Jvb_ZGh_5WY,
2025,She's The First,Izwirashe Eline,She's The First x Project For Awesome 2025,https://www.youtube.com/watch?v=R5qSZOJn5kM,
2025,Blood Cancer UK,Ashley Paskill,P4A 2025: Blood Cancer UK,https://www.youtube.com/watch?v=5GhkSMmOhKk,
2025,Autistica,connor heighton,Connor Heighton speaks about Autistica | | Project For Awesome 2025,https://www.youtube.com/watch?v=PAsUZmI8O0I,
2025,Teens4TeensHelp,Teens4TeensHelp,Project for Awesome 2025: Should we nominate Teens4TeensHelp??,https://www.youtube.com/watch?v=-45YVcHLzzk,
2025,Legacy Youth Leadership,Amy Paffrath,Join me in supporting Legacy Youth Leadership in Project for Awesome 2025.,https://www.youtube.com/watch?v=Sr_1VkhfTcI,
2025,Animal Equality,Animal Equality,Click for kindness: Vote for Animal Equality in Project for Awesome 2025!,https://www.youtube.com/watch?v=1i4wZa4rrsQ,
2025,Autistica,macoud12,Why Autistica should be considered for the Project for Awesome 2025,https://www.youtube.com/watch?v=UXwO7XCYFjA,
2025,This Star Won't Go Out,Hedytf,Project for Awesome 2025: This Star Won‚Äôt Go Out,https://www.youtube.com/watch?v=SYCLLYiDVzs,
2025,Legacy Youth Leadership,Kawsar Homayoon,Legacy Youth Leadership for P4A,https://www.youtube.com/watch?v=iyRppvr16MU,
2025,"Safe To Be, Inc.",Safe To Be,Project for Awesome 2025 - Safe To Be,https://www.youtube.com/watch?v=vgjQMk0sZr0,
2025,Kate's Club,Kate's Club,Project for Awesome 2025 - Kate's Club,https://www.youtube.com/watch?v=G7SirW6ZLcY,
2025,Misfits Rehab,Misfits Rehab,Project For Awesome 2025,https://www.youtube.com/watch?v=Bk1KmdUb6rA,
2025,Kindness Begins with Me,Kindness Begins with Me,Kindness Begins with Me - Project for Awesome 2025!,https://www.youtube.com/watch?v=nYF_0PClM98,
2025,Habibi.Works,louise 2202,Project 4 Awesome 2025 - Habibi.Works - Team members memories,https://www.youtube.com/watch?v=UXsQugFHDXQ,
2025,Queer Liberation Library,Queer Liberation Library,Queer Liberation Library - Project for Awesome 2025!,https://www.youtube.com/watch?v=itcYvJI89a4,
2025,Furkids Animal Rescue & Shelters,Emily Holland,Project for Awesome 2025: Furkids Animal Rescue & Shelters,https://www.youtube.com/watch?v=Uqrb0oGg6wc,
2025,On The Move Art Studio,Kathy Werking,Bring Kids Art Clubs to Flood-Ravaged Western North Carolina,https://www.youtube.com/watch?v=mVF1XB2Kcow,
2025,NephCure Kidney International,Sci Files,NephCure Kidney International - Project for Awesome 2025,https://www.youtube.com/watch?v=yFpYHMxivrU,
2025,ProVeg International,Chris Popa,Project for Awesome 2025: Fixing our Food System with ProVeg,https://www.youtube.com/watch?v=UW16EnO2-Hk,
2025,Squires Empowering Young Dads,Squires Empowering Young Dads,P4A   Squires,https://www.youtube.com/watch?v=oU8T0-BTdB0,
2025,World Central Kitchen,untappedinkwell,P4A 2025: Comfort Food for World Central Kitchen,https://www.youtube.com/watch?v=xrpsNmqPOJ8,
2025,Give Kids the World,Scho,P4A 2025: Give Kids the World,https://www.youtube.com/watch?v=x1jvIn5SImc,
2025,Centre for the Governance of AI,jonathan courtney,Project For Awesome 2025: GovAI,https://www.youtube.com/watch?v=nrOgoyPoysg,
2025,Spiro,jonathan courtney,Project for Awesome 2025: Spiro,https://www.youtube.com/watch?v=Gf1yNKRN6m8,
2025,Against Malaria Foundation,jonathan courtney,Project for Awesome 2025: The Against Malaria Foundation,https://www.youtube.com/watch?v=ojnCQES1X5w,
2025,Missoula Urban Demonstration Project (MUD),Missoula Urban Demonstration Project (MUD),MUD Brings Light to My Life - P4A 2025,https://www.youtube.com/watch?v=bs0PK85S0nQ,
2025,Legacy Youth Leadership,Robin Hall,Project For Awesome 2025-Legacy Youth Leadership,https://www.youtube.com/watch?v=PE-X9Q2PmVw,
2025,American Humane Society,West Suburban Humane Society,Project For Awesome 2025 - West Suburban Humane Society,https://www.youtube.com/watch?v=9scCrzOLRQo,
2025,Associa√ß√£o Aux√≠lio e Amizade (Aid & Friendship Association),N√©lio Candel√°ria,P4A 2025 - Associa√ß√£o Aux√≠lio e Amizade (Aid and Friendship Association) - Project for Awesome 2025,https://www.youtube.com/watch?v=4iIaphydDE8,
2025,Teens4TeensHelp,Teens 4 Teens Help,Vote Teens4TeensHelp for Project4Awesome 2025,https://www.youtube.com/watch?v=UijfbnqE5Yc,
2025,Habibi.Works,Josse,Project 4 Awesome 2025: Welcome to the library (Habibi.Works),https://www.youtube.com/watch?v=bp8YFv0L1qw,
2025,Legacy Youth Leadership,Evan Wesley,Project for Awesome 2025 - Evan says VOTE Legacy Youth Leadership,https://www.youtube.com/watch?v=mg9iKHCNMjI,
2025,Barefoot Shakespeare Company,Andrew Dunn Art,My 2025 Project For Awesome Video,https://www.youtube.com/watch?v=2aOSsO4xUls,
2025,Sustainability Matters,Sustainability Matters,Making History Bloom | Project for Awesome 2025,https://www.youtube.com/watch?v=4P419a8MFd4,
2025,She's The First,Lara Almeida,She's The First | Project for Awesome 2025,https://www.youtube.com/watch?v=hmiZHeuyJmQ,
2025,Camp Lilac,Camp Lilac,Camp Lilac - Project for Awesome 2025,https://www.youtube.com/watch?v=QD4WF2EvD2I,
2025,ReliefAid,Mohammad nour,ReliefAid and Project for Awesome 2025,https://www.youtube.com/watch?v=PwUxuIlcJf4,
2025,Youth With A Mission Hopeland,Nicole Heymann Copywriting,Buy a School Bus and more for a Primary School in Uganda!,https://www.youtube.com/watch?v=Sz9dD5w1uCY,
2025,Doctors Without Borders,Rose Wycherley,P4A 2025 - Doctors Without Borders,https://www.youtube.com/watch?v=66QRzXghR-0,
2025,Animal Charity Evaluators,Thomas M,Project For Awesome 2025: Animal Charity Evaluators,https://www.youtube.com/watch?v=0jw8LvKMSZo,
2025,ReliefAid,Kseniya Zboryk,ReliefAid - Project for Awesome Nomination,https://www.youtube.com/watch?v=yfGHDX0rUWs,
2025,Habibi.Works,Josse,Project 4 Awesome 2025: Day at Habibi.Works (in sounds),https://www.youtube.com/watch?v=Nb2KanuAUQM,
2025,ReliefAid,Caleb Williams,Caleb Williams - ReliefAid and Project for Awesome 2025,https://www.youtube.com/watch?v=rdTxkuSPxD0,
2025,Girl Scouts of the USA,Mindy Kb,Why You Should Vote for Girl Scouts of the USA During the 2025 Project for Awesome,https://www.youtube.com/watch?v=1nKaDnTa1Y4,
2025,Chattanooga Free Store,Erin,Chattanooga Free Store | The Project for Awesome 2025,https://www.youtube.com/watch?v=nGUz1vSgWsI,
2025,Legacy Youth Leadership,Haley Thompson,P4A LEGACY,https://www.youtube.com/watch?v=19sMrqcuFz4,
2025,Legacy Youth Leadership,TJ Eaglin,Project For Awesome 2025 - Legacy Youth Leadership,https://www.youtube.com/watch?v=qVdJZtr_1zs,
2025,Chris Wivholm Foundation,NoveltyRose,Chris Wivholm Foundation Project for Awesome 2025 donate donate !!,https://www.youtube.com/watch?v=BaoTrXPAYE0,
2025,Habibi.Works,Lia O Shea,Meet the Habibi.Works Experts,https://www.youtube.com/watch?v=TysN0anTcHU,
2025,Greater Change Foundation,Greater Change UK,Greater Change Project For Awesome 2025 Application,https://www.youtube.com/watch?v=uUgC8hTDw8I,
2025,Rainbow Trust Children's Charity,Rainbow Trust Children's Charity,Project For Awesome | Rainbow Trust Children's Charity,https://www.youtube.com/watch?v=tPuGP8BoKsI,
2025,Habibi.Works,Mimi Hapig,The Habibi.Works Values - Project For Awesome 2025,https://www.youtube.com/watch?v=Q7aUOh_kf5Y,
2025,Seattle Humane Society,Watertown Humane Society,Project for Awesome 2025 Video,https://www.youtube.com/watch?v=CMW6QB-pfdA,
2025,Manchester True Collaborative,Alyssa Maston,Project for Awesome 2025 - Manchester True Collaborative,https://www.youtube.com/watch?v=aTdVVLXPYAc,
2025,ReliefAid,Hannah Gibbins,ReliefAid in Gaza - Project for Awesome 2025,https://www.youtube.com/watch?v=dSG6nu4XAPQ,
2025,ReliefAid,Mike Seawright,ReliefAid and Project for Awesome 2025,https://www.youtube.com/watch?v=wGQ2DcycMNs,
2025,Herd and Flock Animal Sanctuary,Herd & Flock,Herd and Flock Sanctuary   Tony calf,https://www.youtube.com/watch?v=o5mbFcooXIg,
2025,Foundation for an Independent Tomorrow (FIT),Tom Davis,Las Vegas FIT P4A Submission,https://www.youtube.com/watch?v=sabrxrhHND0,
2025,"Renesting Project, Inc.",RenestingProjectInc,RECLAIM RENEW RENEST | Renesting Project's Project for Awesome 2025 Submission,https://www.youtube.com/watch?v=QS3SF_wkSiI,
2025,Campaign Against Living Miserably,ChasedByVoices,ChasedByVoices | Campaign Against Living Miserably | Project For Awesome 2025,https://www.youtube.com/watch?v=8IVxR8HOnV8,
2025,Habibi.Works,Olivier Marinos,Project for Awesome - Habibi.Works - Olivier MARINOS,https://www.youtube.com/watch?v=_PCuOnUcDOU,
2025,The Trevor Project,Malin Maki üéª,Project for Awesome 2025,https://www.youtube.com/watch?v=zfOIAd-NDfw,
2025,St Raphael's Hospice,Catherine Hensman,St Raphaels Hospice - Project for Awesome 2025,https://www.youtube.com/watch?v=s0XTtDoky1A,
2025,The Pet Fund,hannamayh,The Pet Fund - Project for Awesome 2025,https://www.youtube.com/watch?v=D_2pLO7XNDw,
2025,Habibi.Works,Mimi Hapig,The Habibi.Works Garden for Project 4 Awesome 2025!,https://www.youtube.com/watch?v=OvSLHDsNpZ4,
2025,APOPO Herorats,TBFighter Tofu,APOPO - Project For Awesome 2025,https://www.youtube.com/watch?v=ZA20UYZ8Gpc,
2025,The American Red Cross,Thomas Miller,American Red Cross P4A 2025,https://www.youtube.com/watch?v=xDvaO_Keng8,
2025,Suubi Teen MOPS Uganda,Suubi Teen MOPS,Project for Awesome 2025- End Period poverty! Vote for Suubi Teen MOPS Uganda,https://www.youtube.com/watch?v=Al22z1VSfBI,
2025,Burma Skincare Initiative,BDNG,Project for Awesome 2025 Nomination: Burma Skincare Initiative,https://www.youtube.com/watch?v=DThjJNTS41E,
2025,Thirst Project,Jason Kidik,Vote for this video and all videos in support of The Thirst Project at https://projectforawesome.com,https://www.youtube.com/watch?v=lBJ44ywglQI,
2025,Mastodon,Talya Nehemia,Maybe this is how we fix social media | Project for Awesome 2025 - Mastodon #P4A,https://www.youtube.com/watch?v=nRJQe18ranQ,
2025,Friends of Lackota Animal Sanctuary,Zach Ryan Marketing,From Kill Lot to Sanctuary: The Second Chance These Animals Deserve,https://www.youtube.com/watch?v=9rMTQdQG7FA,
2025,Survival International,Rush Pink,Survival International | Project for Awesome 2025,https://www.youtube.com/watch?v=byqORhFkrJU,
2025,Habibi.Works,Carlotta Borroni,Project for Awesome 2025 - Habibi.Works Kitchen Vlog,https://www.youtube.com/watch?v=QxpG88FymGs,
2025,Habibi.Works,Carlotta Borroni,Project for Awesome 2025- Habibi.Works Freeshop,https://www.youtube.com/watch?v=4DPdqkkPTqU,
2025,Other People Fund,Other People Fund,Other People Fund - Project for Awesome 2025,https://www.youtube.com/watch?v=_BocnoTit-0,
2025,TreeSisters,TreeSisters,"For a greener, more equal future | Project for Awesome 2025",https://www.youtube.com/watch?v=2Dt-8agpbDc,
2025,Plan USA,Himangini Chauhan,Support Plan USA during Project for Awesome 2025,https://www.youtube.com/watch?v=vYnCbn9Pais,
2025,Missoula Urban Demonstration Project (MUD),Missoula Urban Demonstration Project (MUD),Meeting MUD with Haley Hanson - P4A 2025,https://www.youtube.com/watch?v=K1HhDk4f3ds,
2025,Earthjustice,zentouro,The US's environmental laws are under attack,https://www.youtube.com/watch?v=G4CQWXeLKdQ,
2025,Audre Lorde Project,itsradishtime,Trans Justice Now,https://www.youtube.com/watch?v=da8-CZ3JiSw,